Name,Release-date,Budget,Estimated budget (in Dollars),link
1927-1928
Wings (1927 film),"August 12, 1927 ( 1927-08-12 )",US$ 2 million,2000000.0,http://en.wikipedia.org/wiki/Wings_(1927_film)
The Racket (1928 film),"November 1, 1928 ( 1928-11-01 )",N/A,N/A,http://en.wikipedia.org/wiki/The_Racket_(1928_film)
Seventh Heaven (1927 film),"May 6, 1927 ( 1927-05-06 )",N/A,N/A,http://en.wikipedia.org/wiki/Seventh_Heaven_(1927_film)
The average for this period was $2000000.00

1928-1929
The Broadway Melody,"February 1, 1929 ( 1929-02-01T US )",N/A,N/A,http://en.wikipedia.org/wiki/The_Broadway_Melody
Alibi (1929 film),"April 20, 1929 ( 1929-04-20 )",N/A,N/A,http://en.wikipedia.org/wiki/Alibi_(1929_film)
The Hollywood Revue of 1929,"June 20, 1929 (Los Angeles)","$ 426,000",426000.0,http://en.wikipedia.org/wiki/The_Hollywood_Revue_of_1929
In Old Arizona,"Los Angeles : December 25, 1928 ( 1928-12-25 ) General release: January 20, 1929 ( 1929-01-20 )",N/A,N/A,http://en.wikipedia.org/wiki/In_Old_Arizona
The Patriot (1928 film),"August 17, 1928 ( 1928-08-17 )",$1 million,1000000.0,http://en.wikipedia.org/wiki/The_Patriot_(1928_film)
The average for this period was $713000.00

1929-1930
All Quiet on the Western Front (1930 film),"August 24, 1930 ( 1930-08-24 ) (US)",$1.2 million,1200000.0,http://en.wikipedia.org/wiki/All_Quiet_on_the_Western_Front_(1930_film)
The Big House (1930 film),"June 14, 1930",N/A,N/A,http://en.wikipedia.org/wiki/The_Big_House_(1930_film)
Disraeli (1929 film),"November 1, 1929 ( 1929-11-01 )",N/A,N/A,http://en.wikipedia.org/wiki/Disraeli_(1929_film)
The Divorcee,"April 30, 1930 ( 1930-04-30 ) (United States)",N/A,N/A,http://en.wikipedia.org/wiki/The_Divorcee
The Love Parade,"November 19, 1929 (US)",N/A,N/A,http://en.wikipedia.org/wiki/The_Love_Parade
The average for this period was $1200000.00

1930-1931
Cimarron (1931 film),"January 26, 1931 ( 1931-01-26 ) (Premiere- New York City ) February 9, 1931 ( 1931-02-09 ) ( US ) ","$1,433,000",1433000.0,http://en.wikipedia.org/wiki/Cimarron_(1931_film)
East Lynne (1931 film),"February 20, 1931 ( 1931-02-20 ) (New York City) March 31, 1931 ( 1931-03-31 ) (U.S.)",N/A,N/A,http://en.wikipedia.org/wiki/East_Lynne_(1931_film)
The Front Page (1931 film),"April 4, 1931 ( 1931-04-04 )",N/A,N/A,http://en.wikipedia.org/wiki/The_Front_Page_(1931_film)
Skippy (1931 film),"April 2, 1931 ( 1931-04-02 )",N/A,N/A,http://en.wikipedia.org/wiki/Skippy_(1931_film)
Trader Horn (1931 film),"May 23, 1931 ( 1931-05-23 ) (United States)",$1.3 million,1300000.0,http://en.wikipedia.org/wiki/Trader_Horn_(1931_film)
The average for this period was $1366500.00

1931-1932
Grand Hotel (film),"April 12, 1932 ( 1932-04-12 ) ( US )","$750,000",750000.0,http://en.wikipedia.org/wiki/Grand_Hotel_(film)
Arrowsmith (film),"December 26, 1931 ( 1931-12-26 )",N/A,N/A,http://en.wikipedia.org/wiki/Arrowsmith_(film)
Bad Girl (1931 film),"August 13, 1931",N/A,N/A,http://en.wikipedia.org/wiki/Bad_Girl_(1931_film)
The Champ (1931 film),"November 9, 1931 ( 1931-11-09 )",N/A,N/A,http://en.wikipedia.org/wiki/The_Champ_(1931_film)
Five Star Final,"September 26, 1931 ( 1931-09-26 )",N/A,N/A,http://en.wikipedia.org/wiki/Five_Star_Final
One Hour with You,"March 22, 1932 ( 1932-03-22 ) ( US )",N/A,N/A,http://en.wikipedia.org/wiki/One_Hour_with_You
Shanghai Express (film),"February 2, 1932 ( 1932-02-02 )",N/A,N/A,http://en.wikipedia.org/wiki/Shanghai_Express_(film)
The Smiling Lieutenant,"August 1, 1931 ( 1931-08-01 ) (US)",N/A,N/A,http://en.wikipedia.org/wiki/The_Smiling_Lieutenant
The average for this period was $750000.00

1932-1933
42nd Street (film),"March 11, 1933 ( 1933-03-11 )","$439,000 (est.)",439000.0,http://en.wikipedia.org/wiki/42nd_Street_(film)
I Am a Fugitive from a Chain Gang,"November 10, 1932 ( 1932-11-10 )",N/A,N/A,http://en.wikipedia.org/wiki/I_Am_a_Fugitive_from_a_Chain_Gang
Lady for a Day,"September 13, 1933 ( 1933-09-13 )","$300,000",300000.0,http://en.wikipedia.org/wiki/Lady_for_a_Day
The Private Life of Henry VIII,17 August 1933 ( 1933-08-17 ),"£65,000",70850.0,http://en.wikipedia.org/wiki/The_Private_Life_of_Henry_VIII
She Done Him Wrong,"January 27, 1933 ( 1933-01-27 )","$200,000",200000.0,http://en.wikipedia.org/wiki/She_Done_Him_Wrong
Smilin' Through (1932 film),"September 24, 1932 ( 1932-09-24 )","$851,000",851000.0,http://en.wikipedia.org/wiki/Smilin%27_Through_(1932_film)
State Fair (1933 film),"February 10, 1933 ( 1933-02-10 )","$600,000",600000.0,http://en.wikipedia.org/wiki/State_Fair_(1933_film)
The average for this period was $410141.67

1934
Cleopatra (1934 film),"October 5, 1934 ( 1934-10-05 )",N/A,N/A,http://en.wikipedia.org/wiki/Cleopatra_(1934_film)
Flirtation Walk,"November 28, 1934 ( 1934-11-28 )",N/A,N/A,http://en.wikipedia.org/wiki/Flirtation_Walk
The Gay Divorcee,"October 12, 1934 ( 1934-10-12 )","$520,000",520000.0,http://en.wikipedia.org/wiki/The_Gay_Divorcee
Here Comes the Navy,"July 21, 1934 ( 1934-07-21 )",N/A,N/A,http://en.wikipedia.org/wiki/Here_Comes_the_Navy
Imitation of Life (1934 film),"November 26, 1934 ( 1934-11-26 ) (USA)",N/A,N/A,http://en.wikipedia.org/wiki/Imitation_of_Life_(1934_film)
One Night of Love,"September 5, 1934 ( 1934-09-05 )",N/A,N/A,http://en.wikipedia.org/wiki/One_Night_of_Love
The Thin Man (film),"May 25, 1934 ( 1934-05-25 ) (USA)","$226,408",226408.0,http://en.wikipedia.org/wiki/The_Thin_Man_(film)
Viva Villa!,"April 10, 1934 ( 1934-04-10 )",over $1 million,1000000.0,http://en.wikipedia.org/wiki/Viva_Villa!
The White Parade,"November 16, 1934 ( 1934-11-16 ) (U.S.)",N/A,N/A,http://en.wikipedia.org/wiki/The_White_Parade
The average for this period was $582136.00

1935
Alice Adams (film),"August 15, 1935 ( 1935-08-15 )","$342,000",342000.0,http://en.wikipedia.org/wiki/Alice_Adams_(film)
Broadway Melody of 1936,"August 25, 1935 ( 1935-08-25 ) ( Los Angeles ) September 18, 1935 ( 1935-09-18 ) ( New York City )","$1,062,000",1062000.0,http://en.wikipedia.org/wiki/Broadway_Melody_of_1936
"Personal History, Adventures, Experience, and Observation of David Copperfield the Younger (1935)","January 18, 1935 ( 1935-01-18 )","$1,073,000 ",1073000.0,"http://en.wikipedia.org/wiki/Personal_History,_Adventures,_Experience,_and_Observation_of_David_Copperfield_the_Younger_(1935)"
The Lives of a Bengal Lancer (film),"January 11, 1935 ( 1935-01-11 ) (United States) March 24, 1935 ( 1935-03-24 ) (Skandinavia)",N/A,N/A,http://en.wikipedia.org/wiki/The_Lives_of_a_Bengal_Lancer_(film)
A Midsummer Night's Dream (1935 film),"October 30, 1935 ( 1935-10-30 ) (USA)","$981,000",981000.0,http://en.wikipedia.org/wiki/A_Midsummer_Night%27s_Dream_(1935_film)
Les Misérables (1935 film),"April 20, 1935 ( 1935-04-20 )",N/A,N/A,http://en.wikipedia.org/wiki/Les_Mis%C3%A9rables_(1935_film)
Naughty Marietta (film),1935 ( 1935 ),"$782,000",782000.0,http://en.wikipedia.org/wiki/Naughty_Marietta_(film)
Ruggles of Red Gap,"February 19, 1935 ( 1935-02-19T US )",N/A,N/A,http://en.wikipedia.org/wiki/Ruggles_of_Red_Gap
Top Hat,"August 29, 1935 ( 1935-08-29 ) (Premiere - New York City ) September 6, 1935 ( 1935-09-06 ) ","$ 609,000",609000.0,http://en.wikipedia.org/wiki/Top_Hat
The average for this period was $808166.67

1936
The Great Ziegfeld,"April 8, 1936 ( 1936-04-08 )",$2.183 million,2183000.0,http://en.wikipedia.org/wiki/The_Great_Ziegfeld
Anthony Adverse,"August 29, 1936 ( 1936-08-29 ) (USA)",N/A,N/A,http://en.wikipedia.org/wiki/Anthony_Adverse
Dodsworth (film),"September 23, 1936 ( 1936-09-23 )",N/A,N/A,http://en.wikipedia.org/wiki/Dodsworth_(film)
Libeled Lady,"October 9, 1936 ( 1936-10-09 )","$603,000",603000.0,http://en.wikipedia.org/wiki/Libeled_Lady
Mr. Deeds Goes to Town,"April 16, 1936 ( 1936-04-16 )","$845,710",845710.0,http://en.wikipedia.org/wiki/Mr._Deeds_Goes_to_Town
Romeo and Juliet (1936 film),"August 20, 1936 ( 1936-08-20 )","$2,066,000 ",2066000.0,http://en.wikipedia.org/wiki/Romeo_and_Juliet_(1936_film)
San Francisco (1936 film),"June 26, 1936 ( 1936-06-26 )","$1,300,000 ",1300000.0,http://en.wikipedia.org/wiki/San_Francisco_(1936_film)
The Story of Louis Pasteur,"February 22, 1936 ( 1936-02-22 )",N/A,N/A,http://en.wikipedia.org/wiki/The_Story_of_Louis_Pasteur
A Tale of Two Cities (1935 film),"December 27, 1935 ( 1935-12-27 )","$1,232,000",1232000.0,http://en.wikipedia.org/wiki/A_Tale_of_Two_Cities_(1935_film)
Three Smart Girls,"December 20, 1936 ( 1936-12-20 ) (USA)",N/A,N/A,http://en.wikipedia.org/wiki/Three_Smart_Girls
The average for this period was $1371618.33

1937
The Life of Emile Zola,"August 11, 1937 ( 1937-08-11 )",N/A,N/A,http://en.wikipedia.org/wiki/The_Life_of_Emile_Zola
The Awful Truth,"October 21, 1937 ( 1937-10-21 )",N/A,N/A,http://en.wikipedia.org/wiki/The_Awful_Truth
Captains Courageous (1937 film),"May 11, 1937 ( 1937-05-11 )","$1,645,000",1645000.0,http://en.wikipedia.org/wiki/Captains_Courageous_(1937_film)
Dead End (1937 film),"August 27, 1937 ( 1937-08-27 ) (U.S.)","$900,000 (est)",900000.0,http://en.wikipedia.org/wiki/Dead_End_(1937_film)
The Good Earth (film),"January 29, 1937 ( 1937-01-29 ) (United States)","$2,816,000",2816000.0,http://en.wikipedia.org/wiki/The_Good_Earth_(film)
In Old Chicago,"January 6, 1938 (New York premiere) April 15, 1938 (nationwide)",N/A,N/A,http://en.wikipedia.org/wiki/In_Old_Chicago
Lost Horizon (1937 film),"March 2, 1937 ( 1937-03-02 )",$2 million,2000000.0,http://en.wikipedia.org/wiki/Lost_Horizon_(1937_film)
One Hundred Men and a Girl,"September 5, 1937 ( 1937-09-05 ) (USA)",N/A,N/A,http://en.wikipedia.org/wiki/One_Hundred_Men_and_a_Girl
Stage Door,"October 8, 1937 ( 1937-10-08 ) (US) December 31, 1937 ( 1937-12-31 ) (UK)","$952,000",952000.0,http://en.wikipedia.org/wiki/Stage_Door
A Star Is Born (1937 film),"April 27, 1937 ( 1937-04-27 ) ( US )","$1,159,000",1159000.0,http://en.wikipedia.org/wiki/A_Star_Is_Born_(1937_film)
The average for this period was $1578666.67

1938
You Can't Take It With You (film),"August 23, 1938 ( 1938-08-23 ) (USA)","US$1,644,736 (est.)",1644736.0,http://en.wikipedia.org/wiki/You_Can%27t_Take_It_With_You_(film)
The Adventures of Robin Hood (film),"May 14, 1938 ( 1938-05-14 ) (USA)",$2.033 million,2033000.0,http://en.wikipedia.org/wiki/The_Adventures_of_Robin_Hood_(film)
Alexander's Ragtime Band (film),"August 16, 1938 ( 1938-08-16 )","$1,200,000-$2,275,000",1200000.0,http://en.wikipedia.org/wiki/Alexander%27s_Ragtime_Band_(film)
Boys Town (1938 film),9 September 1938 ( 1938-09-09 ),"$772,000",772000.0,http://en.wikipedia.org/wiki/Boys_Town_(1938_film)
The Citadel (film),3 November 1938,"$1,012,000",1012000.0,http://en.wikipedia.org/wiki/The_Citadel_(film)
Four Daughters,"August 9, 1938 ( 1938-08-09 ) (USA)",N/A,N/A,http://en.wikipedia.org/wiki/Four_Daughters
Jezebel (film),"March 10, 1938 ( 1938-03-10 ) (New York) March 26, 1938 ( 1938-03-26 )",$1.25 million,1250000.0,http://en.wikipedia.org/wiki/Jezebel_(film)
Pygmalion (1938 film),6 October 1938 ( 1938-10-06 ),"£87,000",94830.0,http://en.wikipedia.org/wiki/Pygmalion_(1938_film)
Test Pilot (film),"April 22, 1938 ( 1938-04-22 )","$1,701,000",1701000.0,http://en.wikipedia.org/wiki/Test_Pilot_(film)
The average for this period was $1213445.75

1939
Gone with the Wind (film),"December 15, 1939 ( 1939-12-15 ) ( Atlanta premiere)",$3.85 million,3850000.0,http://en.wikipedia.org/wiki/Gone_with_the_Wind_(film)
Dark Victory,"April 22, 1939 ( 1939-04-22 ) ( US )",N/A,N/A,http://en.wikipedia.org/wiki/Dark_Victory
"Goodbye, Mr. Chips (1939 film)",15 May 1939 ( 1939-05-15 ) (UK),"$1,051,000",1051000.0,"http://en.wikipedia.org/wiki/Goodbye,_Mr._Chips_(1939_film)"
Love Affair (1939 film),"April 7, 1939 ( 1939-04-07 ) (US)","$860,000",860000.0,http://en.wikipedia.org/wiki/Love_Affair_(1939_film)
Mr. Smith Goes to Washington,"October 17, 1939 ( 1939-10-17 )",$1.5 million,1500000.0,http://en.wikipedia.org/wiki/Mr._Smith_Goes_to_Washington
Ninotchka,"October 6, 1939 ( 1939-10-06 )","$1,365,000 (est.)",1365000.0,http://en.wikipedia.org/wiki/Ninotchka
Of Mice and Men (1939 film),"December 30, 1939 ( 1939-12-30 ) (USA)",N/A,N/A,http://en.wikipedia.org/wiki/Of_Mice_and_Men_(1939_film)
Stagecoach (1939 film),"February 15, 1939 ( 1939-02-15 )","$531,374",531374.0,http://en.wikipedia.org/wiki/Stagecoach_(1939_film)
The Wizard of Oz (1939 film),"August 15, 1939 ( 1939-08-15 )","$2,777,000",2777000.0,http://en.wikipedia.org/wiki/The_Wizard_of_Oz_(1939_film)
Wuthering Heights (1939 film),"April 13, 1939 ( 1939-04-13 )",N/A,N/A,http://en.wikipedia.org/wiki/Wuthering_Heights_(1939_film)
The average for this period was $1704910.57

1940
Rebecca (1940 film),"April 12, 1940 ( 1940-04-12 ) (USA)","$1,288,000",1288000.0,http://en.wikipedia.org/wiki/Rebecca_(1940_film)
"All This, and Heaven Too","July 4, 1940 ( 1940-07-04 )",N/A,N/A,"http://en.wikipedia.org/wiki/All_This,_and_Heaven_Too"
Foreign Correspondent (film),"August 16, 1940 ( 1940-08-16 ) (USA)","$1,484,167",1484167.0,http://en.wikipedia.org/wiki/Foreign_Correspondent_(film)
The Grapes of Wrath (film),"January 24, 1940 ( 1940-01-24 ) (United States)","$800,000",800000.0,http://en.wikipedia.org/wiki/The_Grapes_of_Wrath_(film)
The Great Dictator,"October 15, 1940 ( 1940-10-15 ) (New York) March 7, 1941 ( 1941-03-07 ) (London)","$2,000,000",2000000.0,http://en.wikipedia.org/wiki/The_Great_Dictator
Kitty Foyle (film),"December 27, 1940 ( 1940-12-27 ) (US)","$738,000",738000.0,http://en.wikipedia.org/wiki/Kitty_Foyle_(film)
The Letter (1940 film),"November 22, 1940 ( 1940-11-22 ) ( New York City )",N/A,N/A,http://en.wikipedia.org/wiki/The_Letter_(1940_film)
The Long Voyage Home,"November 11, 1940 ( 1940-11-11 )","$682,495",682495.0,http://en.wikipedia.org/wiki/The_Long_Voyage_Home
Our Town (1940 film),"May 24, 1940 ( 1940-05-24 )",N/A,N/A,http://en.wikipedia.org/wiki/Our_Town_(1940_film)
The Philadelphia Story (film),"December 26, 1940 ( 1940-12-26 )","$914,000",914000.0,http://en.wikipedia.org/wiki/The_Philadelphia_Story_(film)
The average for this period was $1129523.14

1941
How Green Was My Valley (film),"October 28, 1941 ( 1941-10-28 )","$800,000",800000.0,http://en.wikipedia.org/wiki/How_Green_Was_My_Valley_(film)
Blossoms in the Dust,"July 25, 1941 ( 1941-07-25 )","$1,112,000",1112000.0,http://en.wikipedia.org/wiki/Blossoms_in_the_Dust
Citizen Kane,"May 1, 1941 ( 1941-05-01 ) ( New York City ) September 5, 1941 ( 1941-09-05 ) (United States)","$839,727",839727.0,http://en.wikipedia.org/wiki/Citizen_Kane
Here Comes Mr. Jordan,"July 23, 1941 ( 1941-07-23 )",N/A,N/A,http://en.wikipedia.org/wiki/Here_Comes_Mr._Jordan
Hold Back the Dawn,"September 26, 1941 ( 1941-09-26 )",N/A,N/A,http://en.wikipedia.org/wiki/Hold_Back_the_Dawn
The Little Foxes (film),"August 29, 1941 ( 1941-08-29 ) (U.S.) August 20, 1941 ( 1941-08-20 ) (Premiere-New York City)",N/A,N/A,http://en.wikipedia.org/wiki/The_Little_Foxes_(film)
The Maltese Falcon (1941 film),"October 3, 1941 ( 1941-10-03 ) ( (US) )","$375,000",375000.0,http://en.wikipedia.org/wiki/The_Maltese_Falcon_(1941_film)
One Foot in Heaven,"October 2, 1941 ( 1941-10-02 )",N/A,N/A,http://en.wikipedia.org/wiki/One_Foot_in_Heaven
Sergeant York (film),"July 2, 1941 ( 1941-07-02 ) ( US )",$1.4 million,1400000.0,http://en.wikipedia.org/wiki/Sergeant_York_(film)
Suspicion (1941 film),"November 14, 1941 ( 1941-11-14 )","$1,103,000",1103000.0,http://en.wikipedia.org/wiki/Suspicion_(1941_film)
The average for this period was $938287.83

1942
Mrs. Miniver (film),"June 4, 1942 ( 1942-06-04 )",$1.34 million,1340000.0,http://en.wikipedia.org/wiki/Mrs._Miniver_(film)
49th Parallel (film),8 October 1941 ( 1941-10-08 ),"£ 132,000 (est.)",143880.0,http://en.wikipedia.org/wiki/49th_Parallel_(film)
Kings Row,"February 2, 1942","$1,081,698 ",1081698.0,http://en.wikipedia.org/wiki/Kings_Row
The Magnificent Ambersons (film),"July 10, 1942 ( 1942-07-10 ) (USA) 1946 (France)",$1.1 million :71-72,1100000.0,http://en.wikipedia.org/wiki/The_Magnificent_Ambersons_(film)
The Pied Piper (1942 film),"August 21, 1942 ( 1942-08-21 )",N/A,N/A,http://en.wikipedia.org/wiki/The_Pied_Piper_(1942_film)
The Pride of the Yankees,"July 14, 1942 ( 1942-07-14 )",N/A,N/A,http://en.wikipedia.org/wiki/The_Pride_of_the_Yankees
Random Harvest (film),"December 17, 1942","$1,210,000",1210000.0,http://en.wikipedia.org/wiki/Random_Harvest_(film)
The Talk of the Town (1942 film),"August 20, 1942 ( 1942-08-20 ) ( US )",$1 million,1000000.0,http://en.wikipedia.org/wiki/The_Talk_of_the_Town_(1942_film)
Wake Island (1942 film),"August 11, 1942 ( 1942-08-11 )",N/A,N/A,http://en.wikipedia.org/wiki/Wake_Island_(1942_film)
Yankee Doodle Dandy,"June 6, 1942 ( 1942-06-06 )",N/A,N/A,http://en.wikipedia.org/wiki/Yankee_Doodle_Dandy
The average for this period was $979263.00

1943
Casablanca (film),"November 26, 1942 ( 1942-11-26 ) (premiere) January 23, 1943 ( 1943-01-23 ) (general release)","$878,000",878000.0,http://en.wikipedia.org/wiki/Casablanca_(film)
For Whom the Bell Tolls (film),"July 14, 1943 ( 1943-07-14 ) (USA)",N/A,N/A,http://en.wikipedia.org/wiki/For_Whom_the_Bell_Tolls_(film)
Heaven Can Wait (1943 film),"August 11, 1943 ( 1943-08-11 )","$1,115,000",1115000.0,http://en.wikipedia.org/wiki/Heaven_Can_Wait_(1943_film)
The Human Comedy (film),"March 2, 1943 ( 1943-03-02 )",$1.0 million ,1000000.0,http://en.wikipedia.org/wiki/The_Human_Comedy_(film)
In Which We Serve,17 September 1942 ( 1942-09-17 ) (UK),"£240,000",261600.00000000003,http://en.wikipedia.org/wiki/In_Which_We_Serve
Madame Curie (film),"December 15, 1943 ( 1943-12-15 )","$1,938,000",1938000.0,http://en.wikipedia.org/wiki/Madame_Curie_(film)
The More the Merrier,"March 26, 1943 ( 1943-03-26 )","$878,000",878000.0,http://en.wikipedia.org/wiki/The_More_the_Merrier
The Ox-Bow Incident,"May 21, 1943 ( 1943-05-21 )","$565,000",565000.0,http://en.wikipedia.org/wiki/The_Ox-Bow_Incident
The Song of Bernadette (film),"December 21, 1943 ( 1943-12-21 )",$1.6 million,1600000.0,http://en.wikipedia.org/wiki/The_Song_of_Bernadette_(film)
Watch on the Rhine,"August 27, 1943 ( 1943-08-27 )",N/A,N/A,http://en.wikipedia.org/wiki/Watch_on_the_Rhine
The average for this period was $1029450.00

1944
Going My Way,"May 3, 1944 ( 1944-05-03 ) (USA)",N/A,N/A,http://en.wikipedia.org/wiki/Going_My_Way
Double Indemnity (film),"September 6, 1944 ( 1944-09-06 )","$980,000",980000.0,http://en.wikipedia.org/wiki/Double_Indemnity_(film)
Gaslight (1944 film),"May 4, 1944 ( 1944-05-04 )","$2,068,000",2068000.0,http://en.wikipedia.org/wiki/Gaslight_(1944_film)
Since You Went Away,"July 20, 1944 ( 1944-07-20 ) (USA)","$3,257,000",3257000.0,http://en.wikipedia.org/wiki/Since_You_Went_Away
Wilson (film),"August 1, 1944 ( 1944-08-01 )","$2,995,000",2995000.0,http://en.wikipedia.org/wiki/Wilson_(film)
The average for this period was $2325000.00

1945
The Lost Weekend (film),"November 16, 1945 ( 1945-11-16 )",$1.25 million,1250000.0,http://en.wikipedia.org/wiki/The_Lost_Weekend_(film)
Anchors Aweigh (film),"July 14, 1945 ( 1945-07-14 )","$2,580,000",2580000.0,http://en.wikipedia.org/wiki/Anchors_Aweigh_(film)
The Bells of St. Mary's,"December 6, 1945 ( 1945-12-06 ) (USA)",N/A,N/A,http://en.wikipedia.org/wiki/The_Bells_of_St._Mary%27s
Mildred Pierce (film),"September 24, 1945 ( 1945-09-24 ) (United States)","$1,453,000",1453000.0,http://en.wikipedia.org/wiki/Mildred_Pierce_(film)
Spellbound (1945 film),"December 28, 1945 ( 1945-12-28 ) (US)",US$1.5 million,1500000.0,http://en.wikipedia.org/wiki/Spellbound_(1945_film)
The average for this period was $1695750.00

1946
The Best Years of Our Lives,"November 21, 1946 ( 1946-11-21 ) (United States)",$2.1 million,2100000.0,http://en.wikipedia.org/wiki/The_Best_Years_of_Our_Lives
Henry V (1944 film),22 November 1944 ( 1944-11-22 ),"£475,708 (or $2 million)",2000000.0,http://en.wikipedia.org/wiki/Henry_V_(1944_film)
It's a Wonderful Life,"December 20, 1946 ( 1946-12-20 )",$3.18 million,3180000.0,http://en.wikipedia.org/wiki/It%27s_a_Wonderful_Life
The Razor's Edge (1946 film),December 1946 ( 1946-12 ),$1.2 million,1200000.0,http://en.wikipedia.org/wiki/The_Razor%27s_Edge_(1946_film)
The Yearling (film),"December 18, 1946 ( 1946-12-18 )","$3,883,000 ",3883000.0,http://en.wikipedia.org/wiki/The_Yearling_(film)
The average for this period was $2472600.00

1947
Gentleman's Agreement,"November 11, 1947 ( 1947-11-11 ) (New York City)","$1,985,000",1985000.0,http://en.wikipedia.org/wiki/Gentleman%27s_Agreement
The Bishop's Wife,"December 9, 1947 ( 1947-12-09 ) (Premiere-New York City) February 16, 1948 ( 1948-02-16 ) (U.S.) ",N/A,N/A,http://en.wikipedia.org/wiki/The_Bishop%27s_Wife
Crossfire (film),"July 22, 1947 ( 1947-07-22 ) ( Premiere-New York City ) August 15, 1947 ( 1947-08-15 ) (U.S. ) ","$678,000",678000.0,http://en.wikipedia.org/wiki/Crossfire_(film)
Great Expectations (1946 film),26 December 1946 ( 1946-12-26 ),N/A,N/A,http://en.wikipedia.org/wiki/Great_Expectations_(1946_film)
Miracle on 34th Street,"May 2, 1947 ( 1947-05-02 ) (USA) December 18, 1947 ( 1947-12-18 ) ( AUS )","$630,000",630000.0,http://en.wikipedia.org/wiki/Miracle_on_34th_Street
The average for this period was $1097666.67

1948
Hamlet (1948 film),4 May 1948 ( 1948-05-04 ),"£527,530",575007.7000000001,http://en.wikipedia.org/wiki/Hamlet_(1948_film)
Johnny Belinda (1948 film),"September 14, 1948 ( 1948-09-14 )",N/A,N/A,http://en.wikipedia.org/wiki/Johnny_Belinda_(1948_film)
The Red Shoes (1948 film),6 September 1948 ( 1948-09-06 ) (UK) 22 October (US),"£ 505,581",551083.29,http://en.wikipedia.org/wiki/The_Red_Shoes_(1948_film)
The Snake Pit,"November 4, 1948",N/A,N/A,http://en.wikipedia.org/wiki/The_Snake_Pit
The Treasure of the Sierra Madre (film),"January 6, 1948 ( 1948-01-06 )",$3 million,3000000.0,http://en.wikipedia.org/wiki/The_Treasure_of_the_Sierra_Madre_(film)
The average for this period was $1375363.66

1949
All the King's Men (1949 film),"November 8, 1949 ( 1949-11-08 ) (premiere-United States) January 1950 ( 1950-01 ) (wide-United States)",N/A,N/A,http://en.wikipedia.org/wiki/All_the_King%27s_Men_(1949_film)
Battleground (1949 film),"November 9, 1949","$1,631,000 ",1631000.0,http://en.wikipedia.org/wiki/Battleground_(1949_film)
The Heiress,"October 6, 1949 ( 1949-10-06 ) (USA)",$2.6 million,2600000.0,http://en.wikipedia.org/wiki/The_Heiress
A Letter to Three Wives,"January 20, 1949 ( 1949-01-20 ) (United States)",N/A,N/A,http://en.wikipedia.org/wiki/A_Letter_to_Three_Wives
Twelve O'Clock High,"December 21, 1949 ( 1949-12-21 ) (Los Angeles) January 26, 1950 ( 1950-01-26 ) (New York City)",N/A,N/A,http://en.wikipedia.org/wiki/Twelve_O%27Clock_High
The average for this period was $2115500.00

1950
All About Eve,"October 13, 1950 ( 1950-10-13 )",$1.4 million ,1400000.0,http://en.wikipedia.org/wiki/All_About_Eve
Born Yesterday (1950 film),"December 26, 1950 ( 1950-12-26 ) ( US )",N/A,N/A,http://en.wikipedia.org/wiki/Born_Yesterday_(1950_film)
Father of the Bride (1950 film),"June 16, 1950 ( 1950-06-16 )","$1,215,000 ",1215000.0,http://en.wikipedia.org/wiki/Father_of_the_Bride_(1950_film)
King Solomon's Mines (1950 film),"November 24, 1950 ( 1950-11-24 )","$2,258,000",2258000.0,http://en.wikipedia.org/wiki/King_Solomon%27s_Mines_(1950_film)
Sunset Boulevard (film),"August 10, 1950 ( 1950-08-10 )",$1.75 million,1750000.0,http://en.wikipedia.org/wiki/Sunset_Boulevard_(film)
The average for this period was $1655750.00

1951
An American in Paris (film),"November 11, 1951 ( 1951-11-11 )","$2,724,000",2724000.0,http://en.wikipedia.org/wiki/An_American_in_Paris_(film)
Decision Before Dawn,"December 21, 1951 ( 1951-12-21 )",N/A,N/A,http://en.wikipedia.org/wiki/Decision_Before_Dawn
A Place in the Sun (film),"August 14, 1951 ( 1951-08-14 )","$2,295,304",2295304.0,http://en.wikipedia.org/wiki/A_Place_in_the_Sun_(film)
Quo Vadis (1951 film),"November 8, 1951 ( 1951-11-08 ) ( US )","$7,623,000 ",7623000.0,http://en.wikipedia.org/wiki/Quo_Vadis_(1951_film)
A Streetcar Named Desire (1951 film),"September 18, 1951 ( 1951-09-18 )",$1.8 million,1800000.0,http://en.wikipedia.org/wiki/A_Streetcar_Named_Desire_(1951_film)
The average for this period was $3610576.00

1952
The Greatest Show on Earth,"January 10, 1952 ( 1952-01-10 )",N/A,N/A,http://en.wikipedia.org/wiki/The_Greatest_Show_on_Earth
High Noon,"July 24, 1952 ( 1952-07-24 ) (New York)","$730,000",730000.0,http://en.wikipedia.org/wiki/High_Noon
Ivanhoe (1952 film),"July 31, 1952 ( 1952-07-31 ) (United States)","$3,842,000",3842000.0,http://en.wikipedia.org/wiki/Ivanhoe_(1952_film)
Moulin Rouge (1952 film),"December 23, 1952 ( 1952-12-23 ) (United States)","USD$ 1.5 million (approx. £967,785)",1500000.0,http://en.wikipedia.org/wiki/Moulin_Rouge_(1952_film)
The Quiet Man,"July 21, 1952 ( 1952-07-21 ) (UK) August 1952 ( 1952-08 ) (Venice Film Fest.) August 14, 1952 ( 1952-08-14 ) (U.S.)",$1.75 million,1750000.0,http://en.wikipedia.org/wiki/The_Quiet_Man
The average for this period was $1955500.00

1953
From Here to Eternity,"August 5, 1953 ( 1953-08-05 )","$1,650,000",1650000.0,http://en.wikipedia.org/wiki/From_Here_to_Eternity
Julius Caesar (1953 film),"June 4, 1953 ( 1953-06-04 )","$2,070,000",2070000.0,http://en.wikipedia.org/wiki/Julius_Caesar_(1953_film)
The Robe (film),"September 16, 1953 ( 1953-09-16 )",$4.1 million,4099999.9999999995,http://en.wikipedia.org/wiki/The_Robe_(film)
Roman Holiday,"August 27, 1953 ( 1953-08-27 )",$1.5 million,1500000.0,http://en.wikipedia.org/wiki/Roman_Holiday
Shane (film),"April 23, 1953 ( 1953-04-23 )",$3.1 million,3100000.0,http://en.wikipedia.org/wiki/Shane_(film)
The average for this period was $2484000.00

1954
On the Waterfront,"July 28, 1954 ( 1954-07-28 )","$910,000",910000.0,http://en.wikipedia.org/wiki/On_the_Waterfront
The Caine Mutiny (film),"June 24, 1954 ( 1954-06-24 ) (US)",$2 million,2000000.0,http://en.wikipedia.org/wiki/The_Caine_Mutiny_(film)
The Country Girl (1954 film),"December 11, 1954 ( 1954-12-11 ) (USA)",N/A,N/A,http://en.wikipedia.org/wiki/The_Country_Girl_(1954_film)
Seven Brides for Seven Brothers (film),"July 22, 1954 ( 1954-07-22 )","$2,540,000",2540000.0,http://en.wikipedia.org/wiki/Seven_Brides_for_Seven_Brothers_(film)
Three Coins in the Fountain (1954 film),"May 20, 1954 ( 1954-05-20 ) (USA)",$1.7 million,1700000.0,http://en.wikipedia.org/wiki/Three_Coins_in_the_Fountain_(1954_film)
The average for this period was $1787500.00

1955
Marty (film),"April 11, 1955 ( 1955-04-11 )","$350,000 ",350000.0,http://en.wikipedia.org/wiki/Marty_(film)
Love Is a Many-Splendored Thing (film),"August 18, 1955 ( 1955-08-18 )","$1,780,000",1780000.0,http://en.wikipedia.org/wiki/Love_Is_a_Many-Splendored_Thing_(film)
Mister Roberts (1955 film),"July 30, 1955 ( 1955-07-30 )",N/A,N/A,http://en.wikipedia.org/wiki/Mister_Roberts_(1955_film)
Picnic (1955 film),"November 1955 ( 1955-11 ) (Previews) February 16, 1956 ( 1956-02-16 ) (USA)",N/A,N/A,http://en.wikipedia.org/wiki/Picnic_(1955_film)
The Rose Tattoo (film),"December 12, 1955 ( 1955-12-12 )",N/A,N/A,http://en.wikipedia.org/wiki/The_Rose_Tattoo_(film)
The average for this period was $1065000.00

1956
Around the World in 80 Days (1956 film),17 October 1956 ( 1956-10-17 ),$6 million ,6000000.0,http://en.wikipedia.org/wiki/Around_the_World_in_80_Days_(1956_film)
Friendly Persuasion (film),"November 25, 1956 ( 1956-11-25 )",$3 million ,3000000.0,http://en.wikipedia.org/wiki/Friendly_Persuasion_(film)
Giant (1956 film),"October 10, 1956 ( 1956-10-10 ) ( New York City ) November 24, 1956 ( 1956-11-24 ) (United States)",$5.4 million,5400000.0,http://en.wikipedia.org/wiki/Giant_(1956_film)
The King and I (1956 film),"June 28, 1956 ( 1956-06-28 )",$4.55 million,4550000.0,http://en.wikipedia.org/wiki/The_King_and_I_(1956_film)
The Ten Commandments (1956 film),"October 5, 1956 ( 1956-10-05 ) ( Salt Lake City preview) November 8, 1956 ( 1956-11-08 ) ( New York City premiere) November 14, 1956 ( 1956-11-14 ) ( Los Angeles premiere)",$13 million,13000000.0,http://en.wikipedia.org/wiki/The_Ten_Commandments_(1956_film)
The average for this period was $6390000.00

1957
The Bridge on the River Kwai,"2 October 1957 ( 1957-10-02 ) (World Premiere, London)","$2,840,000.",2840000.0,http://en.wikipedia.org/wiki/The_Bridge_on_the_River_Kwai
12 Angry Men (1957 film),"April 13, 1957 ( 1957-04-13 )","$340,000 ",340000.0,http://en.wikipedia.org/wiki/12_Angry_Men_(1957_film)
Peyton Place (film),"December 13, 1957 ( 1957-12-13 )",$2.2 million or $1.8 million ,2200000.0,http://en.wikipedia.org/wiki/Peyton_Place_(film)
Sayonara,"December 5, 1957 ( 1957-12-05 )",N/A,N/A,http://en.wikipedia.org/wiki/Sayonara
Witness for the Prosecution (1957 film),December 1957 ( 1957-12 ),$3 million,3000000.0,http://en.wikipedia.org/wiki/Witness_for_the_Prosecution_(1957_film)
The average for this period was $2095000.00

1958
Gigi (1958 film),"May 15, 1958 ( 1958-05-15 )","$3,319,355 ",3319355.0,http://en.wikipedia.org/wiki/Gigi_(1958_film)
Auntie Mame (film),"December 27, 1958 ( 1958-12-27 )",N/A,N/A,http://en.wikipedia.org/wiki/Auntie_Mame_(film)
Cat on a Hot Tin Roof (film),"September 20, 1958 ( 1958-09-20 )","$2,345,000",2345000.0,http://en.wikipedia.org/wiki/Cat_on_a_Hot_Tin_Roof_(film)
The Defiant Ones,"July 1958 ( 1958-07 ) ( Berlin ) September 24, 1958 ( 1958-09-24 ) (New York City)","$778,000",778000.0,http://en.wikipedia.org/wiki/The_Defiant_Ones
Separate Tables (film),"December 18, 1958 ( 1958-12-18 )",N/A,N/A,http://en.wikipedia.org/wiki/Separate_Tables_(film)
The average for this period was $2147451.67

1959
Ben-Hur (1959 film),"November 18, 1959 ( 1959-11-18 )",$15.2 million ,15200000.0,http://en.wikipedia.org/wiki/Ben-Hur_(1959_film)
Anatomy of a Murder,"July 1, 1959 ( 1959-07-01 ) ( US )",N/A,N/A,http://en.wikipedia.org/wiki/Anatomy_of_a_Murder
The Diary of Anne Frank (1959 film),"March 18, 1959 ( 1959-03-18 )",$3.8 million,3800000.0,http://en.wikipedia.org/wiki/The_Diary_of_Anne_Frank_(1959_film)
The Nun's Story (film),"July 18, 1959 ( 1959-07-18 )",$3.5 million,3500000.0,http://en.wikipedia.org/wiki/The_Nun%27s_Story_(film)
Room at the Top (1959 film),22 January 1959 ( 1959-01-22 ) (UK),"£280,000",305200.0,http://en.wikipedia.org/wiki/Room_at_the_Top_(1959_film)
The average for this period was $5701300.00

1960
The Apartment,"June 15, 1960 ( 1960-06-15 )",$3 million,3000000.0,http://en.wikipedia.org/wiki/The_Apartment
The Alamo (1960 film),"October 24, 1960","$12,000,000 est.",12000000.0,http://en.wikipedia.org/wiki/The_Alamo_(1960_film)
Elmer Gantry (film),"July 7, 1960 ( 1960-07-07 )",$3 million,3000000.0,http://en.wikipedia.org/wiki/Elmer_Gantry_(film)
Sons and Lovers (1960 film),1960 ( 1960 ),"$805,000",805000.0,http://en.wikipedia.org/wiki/Sons_and_Lovers_(1960_film)
The Sundowners,"December 8, 1960 ( 1960-12-08 ) (USA)",N/A,N/A,http://en.wikipedia.org/wiki/The_Sundowners
The average for this period was $4701250.00

1961
West Side Story (film),"October 18, 1961 ( 1961-10-18 )",$6 million,6000000.0,http://en.wikipedia.org/wiki/West_Side_Story_(film)
Fanny (1961 film),"June 28, 1961 ( 1961-06-28 )",N/A,N/A,http://en.wikipedia.org/wiki/Fanny_(1961_film)
The Guns of Navarone (film),"27 April 1961 (Royal World Premiere, London) 22 June 1961 ( 1961-06-22 )",$6 million,6000000.0,http://en.wikipedia.org/wiki/The_Guns_of_Navarone_(film)
The Hustler (film),"September 25, 1961 ( 1961-09-25 )","$2,125,000",2125000.0,http://en.wikipedia.org/wiki/The_Hustler_(film)
Judgment at Nuremberg,"December 19, 1961 ( 1961-12-19 )",$3 million,3000000.0,http://en.wikipedia.org/wiki/Judgment_at_Nuremberg
The average for this period was $4281250.00

1962
Lawrence of Arabia (film),10 December 1962 ( 1962-12-10 ),$15 million,15000000.0,http://en.wikipedia.org/wiki/Lawrence_of_Arabia_(film)
The Longest Day (film),"September 25, 1962 ( 1962-09-25 ) (France, U.S.) October 4, 1962 ( 1962-10-04 ) (Canada) October 23, 1962 ( 1962-10-23 ) (Germany, Mexico, UK)",$7.75 million,7750000.0,http://en.wikipedia.org/wiki/The_Longest_Day_(film)
The Music Man (1962 film),"June 19, 1962",N/A,N/A,http://en.wikipedia.org/wiki/The_Music_Man_(1962_film)
Mutiny on the Bounty (1962 film),"November 8, 1962",$19 million,19000000.0,http://en.wikipedia.org/wiki/Mutiny_on_the_Bounty_(1962_film)
To Kill a Mockingbird (film),"December 25, 1962",$2 million,2000000.0,http://en.wikipedia.org/wiki/To_Kill_a_Mockingbird_(film)
The average for this period was $10937500.00

1963
Tom Jones (1963 film),29 September 1963 ( 1963-09-29 ) ( Venice ),"$1 million or £467,000",1000000.0,http://en.wikipedia.org/wiki/Tom_Jones_(1963_film)
"America, America","December 15, 1963 ( 1963-12-15 )",N/A,N/A,"http://en.wikipedia.org/wiki/America,_America"
Cleopatra (1963 film),"June 12, 1963 ( 1963-06-12 ) (New York, premiere) July 31, 1963 ( 1963-07-31 ) (United Kingdom)",$31.115 million,31115000.0,http://en.wikipedia.org/wiki/Cleopatra_(1963_film)
How the West Was Won (film),"February 20, 1963 ( 1963-02-20 ) (U.S.)","$14,483,000 ",14483000.0,http://en.wikipedia.org/wiki/How_the_West_Was_Won_(film)
Lilies of the Field (1963 film),1963 ( 1963 ),"$240,000",240000.0,http://en.wikipedia.org/wiki/Lilies_of_the_Field_(1963_film)
The average for this period was $11709500.00

1964
My Fair Lady (film),"November 9, 1964 ( 1964-11-09 )",$17 million,17000000.0,http://en.wikipedia.org/wiki/My_Fair_Lady_(film)
Becket (1964 film),11 March 1964 ( 1964-03-11 ),$3 million,3000000.0,http://en.wikipedia.org/wiki/Becket_(1964_film)
Dr. Strangelove,"January 29, 1964 ( 1964-01-29 )",$1.8 million,1800000.0,http://en.wikipedia.org/wiki/Dr._Strangelove
Mary Poppins (film),"August 27, 1964 ( 1964-08-27 )",N/A,N/A,http://en.wikipedia.org/wiki/Mary_Poppins_(film)
Zorba the Greek (film),"December 17, 1964 ( 1964-12-17 ) (United States)","$783,000",783000.0,http://en.wikipedia.org/wiki/Zorba_the_Greek_(film)
The average for this period was $5645750.00

1965
The Sound of Music (film),"March 2, 1965 ( 1965-03-02 ) (USA) March 29, 1965 ( 1965-03-29 ) (UK)",$8.2 million ,8199999.999999999,http://en.wikipedia.org/wiki/The_Sound_of_Music_(film)
Darling (1965 film),5 July 1965 ( 1965-07-05 ),"£400,000 (estimated)",436000.00000000006,http://en.wikipedia.org/wiki/Darling_(1965_film)
Doctor Zhivago (film),22 December 1965 ( 1965-12-22 ) (US) 26 April 1966 ( 1966-04-26 ) (UK) 10 December 1966 ( 1966-12-10 ) (Italy) 28 September 1999 ( 1999-09-28 ) (US re-release),$11 million,11000000.0,http://en.wikipedia.org/wiki/Doctor_Zhivago_(film)
Ship of Fools (film),"July 29, 1965 ( 1965-07-29 )",N/A,N/A,http://en.wikipedia.org/wiki/Ship_of_Fools_(film)
A Thousand Clowns (film),"December 13, 1965 ( 1965-12-13 )",N/A,N/A,http://en.wikipedia.org/wiki/A_Thousand_Clowns_(film)
The average for this period was $6545333.33

1966
A Man for All Seasons (1966 film),"December 12, 1966 ( 1966-12-12 ) (USA)",$2 million,2000000.0,http://en.wikipedia.org/wiki/A_Man_for_All_Seasons_(1966_film)
Alfie (1966 film),24 March 1966 ( 1966-03-24 ) (UK) 24 August 1966 ( 1966-08-24 ) (US),"$800,000",800000.0,http://en.wikipedia.org/wiki/Alfie_(1966_film)
"The Russians Are Coming, the Russians Are Coming","May 25, 1966 ( 1966-05-25 ) ( US )",$3.9 million,3900000.0,"http://en.wikipedia.org/wiki/The_Russians_Are_Coming,_the_Russians_Are_Coming"
The Sand Pebbles (film),"December 20, 1966 ( 1966-12-20 )","$12,110,000",12110000.0,http://en.wikipedia.org/wiki/The_Sand_Pebbles_(film)
Who's Afraid of Virginia Woolf? (film),"June 22, 1966 ( 1966-06-22 )","$7,500,000",7500000.0,http://en.wikipedia.org/wiki/Who%27s_Afraid_of_Virginia_Woolf%3F_(film)
The average for this period was $5262000.00

1967
In the Heat of the Night (film),"August 2, 1967 ( 1967-08-02 )",$2 million,2000000.0,http://en.wikipedia.org/wiki/In_the_Heat_of_the_Night_(film)
Bonnie and Clyde (film),"August 13, 1967 ( 1967-08-13 )",$2.5 million,2500000.0,http://en.wikipedia.org/wiki/Bonnie_and_Clyde_(film)
Doctor Dolittle (film),"12 December 1967 (World Premiere, London) US December 19, 1967 ( 1967-12-19 )","$17,015,000",17015000.0,http://en.wikipedia.org/wiki/Doctor_Dolittle_(film)
The Graduate,"December 21, 1967 ( 1967-12-21 )",$3 million,3000000.0,http://en.wikipedia.org/wiki/The_Graduate
Guess Who's Coming to Dinner,"December 12, 1967 ( 1967-12-12 ) (United States)",$4 million,4000000.0,http://en.wikipedia.org/wiki/Guess_Who%27s_Coming_to_Dinner
The average for this period was $5703000.00

1968
Oliver! (film),26 September 1968 ( 1968-09-26 ),$10 million,10000000.0,http://en.wikipedia.org/wiki/Oliver!_(film)
Funny Girl (film),"September 19, 1968 ( 1968-09-19 )",$14.1 million,14100000.0,http://en.wikipedia.org/wiki/Funny_Girl_(film)
The Lion in Winter (1968 film),"October 30, 1968 ( 1968-10-30 )",$10 million,10000000.0,http://en.wikipedia.org/wiki/The_Lion_in_Winter_(1968_film)
"Rachel, Rachel","August 26, 1968 ( 1968-08-26 )","$780,000",780000.0,"http://en.wikipedia.org/wiki/Rachel,_Rachel"
Romeo and Juliet (1968 film),"October 8, 1968 ( 1968-10-08 )","$850,000",850000.0,http://en.wikipedia.org/wiki/Romeo_and_Juliet_(1968_film)
The average for this period was $7146000.00

1969
Midnight Cowboy,"May 25, 1969 ( 1969-05-25 )",$3.2 million,3200000.0,http://en.wikipedia.org/wiki/Midnight_Cowboy
Anne of the Thousand Days,18 December 1969 ( 1969-12-18 ) (United States) 23 February 1970 ( 1970-02-23 ) (United Kingdom),N/A,N/A,http://en.wikipedia.org/wiki/Anne_of_the_Thousand_Days
Butch Cassidy and the Sundance Kid,"October 24, 1969 ( 1969-10-24 )",$6 million,6000000.0,http://en.wikipedia.org/wiki/Butch_Cassidy_and_the_Sundance_Kid
"Hello, Dolly! (film)","December 16, 1969 ( 1969-12-16 )",$25 million,25000000.0,"http://en.wikipedia.org/wiki/Hello,_Dolly!_(film)"
The average for this period was $11400000.00

1970
Patton (film),"April 2, 1970 ( 1970-04-02 )","$12,625,000",12625000.0,http://en.wikipedia.org/wiki/Patton_(film)
Airport (1970 film),"March 5, 1970",$10.2 million,10200000.0,http://en.wikipedia.org/wiki/Airport_(1970_film)
Five Easy Pieces,"September 12, 1970",$1.6 million,1600000.0,http://en.wikipedia.org/wiki/Five_Easy_Pieces
Love Story (1970 film),"December 16, 1970 ( 1970-12-16 )",$2.2 million,2200000.0,http://en.wikipedia.org/wiki/Love_Story_(1970_film)
MASH (film),"January 25, 1970 ( 1970-01-25 )","$3,025,000",3025000.0,http://en.wikipedia.org/wiki/MASH_(film)
The average for this period was $5930000.00

1971
The French Connection (film),"October 9, 1971 ( 1971-10-09 ) (USA)",$1.8 million,1800000.0,http://en.wikipedia.org/wiki/The_French_Connection_(film)
A Clockwork Orange (film),19 December 1971 ( 1971-12-19 ) ( New York City ) 13 January 1972 ( 1972-01-13 ) (United Kingdom) 2 February 1972 ( 1972-02-02 ) (United States),$2.2 million,2200000.0,http://en.wikipedia.org/wiki/A_Clockwork_Orange_(film)
Fiddler on the Roof (film),"November 3, 1971 ( 1971-11-03 )",$9 million,9000000.0,http://en.wikipedia.org/wiki/Fiddler_on_the_Roof_(film)
The Last Picture Show,"October 22, 1971 ( 1971-10-22 )",$1.3 million,1300000.0,http://en.wikipedia.org/wiki/The_Last_Picture_Show
Nicholas and Alexandra,13 December 1971 ( 1971-12-13 ),N/A,N/A,http://en.wikipedia.org/wiki/Nicholas_and_Alexandra
The average for this period was $3575000.00

1972
The Godfather,"March 15, 1972 ( 1972-03-15 ) ( New York City ) March 24, 1972 ( 1972-03-24 ) (United States)",$6-7 million ,6500000.0,http://en.wikipedia.org/wiki/The_Godfather
Cabaret (1972 film),"February 13, 1972 ( 1972-02-13 )","$2,285,000",2285000.0,http://en.wikipedia.org/wiki/Cabaret_(1972_film)
Deliverance,"July 30, 1972 ( 1972-07-30 )",$2 million,2000000.0,http://en.wikipedia.org/wiki/Deliverance
Sounder (film),"September 24, 1972 ( 1972-09-24 )","$900,000",900000.0,http://en.wikipedia.org/wiki/Sounder_(film)
The average for this period was $2921250.00

1973
The Sting,"December 25, 1973 ( 1973-12-25 )",$5.5 million,5500000.0,http://en.wikipedia.org/wiki/The_Sting
American Graffiti,"August 2, 1973 ( 1973-08-02 ) ( Locarno ) August 11, 1973 ( 1973-08-11 ) (United States)","$777,000",777000.0,http://en.wikipedia.org/wiki/American_Graffiti
The Exorcist (film),"June 19, 1973 ( New York City ) December 26, 1973 ( 1973-12-26 )",$12 million,12000000.0,http://en.wikipedia.org/wiki/The_Exorcist_(film)
A Touch of Class (film),"June 20, 1973",N/A,N/A,http://en.wikipedia.org/wiki/A_Touch_of_Class_(film)
The average for this period was $6092333.33

1974
Chinatown (1974 film),"June 20, 1974 ( 1974-06-20 )",N/A,N/A,http://en.wikipedia.org/wiki/Chinatown_(1974_film)
The Conversation,"April 7, 1974 ( 1974-04-07 ) (New York City)","$1,600,000",1600000.0,http://en.wikipedia.org/wiki/The_Conversation
Lenny (film),"November 10, 1974 ( 1974-11-10 )",N/A,N/A,http://en.wikipedia.org/wiki/Lenny_(film)
The Towering Inferno,"December 14, 1974","$14,265,000",14265000.0,http://en.wikipedia.org/wiki/The_Towering_Inferno
The average for this period was $7932500.00

1975
One Flew Over the Cuckoo's Nest (film),"November 19, 1975 ( 1975-11-19 )",$3 million,3000000.0,http://en.wikipedia.org/wiki/One_Flew_Over_the_Cuckoo%27s_Nest_(film)
Barry Lyndon,18 December 1975 ( 1975-12-18 ),$11 million,11000000.0,http://en.wikipedia.org/wiki/Barry_Lyndon
Dog Day Afternoon,"September 21, 1975 ( 1975-09-21 )",$1.8 million,1800000.0,http://en.wikipedia.org/wiki/Dog_Day_Afternoon
Jaws (film),"June 20, 1975 ( 1975-06-20 )",$9 million,9000000.0,http://en.wikipedia.org/wiki/Jaws_(film)
Nashville (film),"June 11, 1975 ( 1975-06-11 )",$2.2 million,2200000.0,http://en.wikipedia.org/wiki/Nashville_(film)
The average for this period was $5400000.00

1976
Rocky,"November 21, 1976 ( 1976-11-21 ) ( New York City premiere) December 3, 1976 ( 1976-12-03 ) (United States)",$1.075 million,1075000.0,http://en.wikipedia.org/wiki/Rocky
All the President's Men (film),"April 9, 1976 ( 1976-04-09 )",$8.5 million,8500000.0,http://en.wikipedia.org/wiki/All_the_President%27s_Men_(film)
Bound for Glory (film),"December 5, 1976 ( 1976-12-05 ) (United States)",N/A,N/A,http://en.wikipedia.org/wiki/Bound_for_Glory_(film)
Network (film),"November 27, 1976 ( 1976-11-27 )",$3.8 million,3800000.0,http://en.wikipedia.org/wiki/Network_(film)
Taxi Driver,"February 8, 1976 ( 1976-02-08 )",$1.3 million,1300000.0,http://en.wikipedia.org/wiki/Taxi_Driver
The average for this period was $3668750.00

1977
Annie Hall,"April 20, 1977 ( 1977-04-20 )",$4 million,4000000.0,http://en.wikipedia.org/wiki/Annie_Hall
The Goodbye Girl,"November 30, 1977 ( 1977-11-30 )",N/A,N/A,http://en.wikipedia.org/wiki/The_Goodbye_Girl
Julia (1977 film),"October 2, 1977 ( 1977-10-02 )",$7.84 million,7840000.0,http://en.wikipedia.org/wiki/Julia_(1977_film)
Star Wars Episode IV: A New Hope,"May 25, 1977 ( 1977-05-25 )",$11 million,11000000.0,http://en.wikipedia.org/wiki/Star_Wars_Episode_IV:_A_New_Hope
The Turning Point (1977 film),"November 14, 1977 ( 1977-11-14 )",N/A,N/A,http://en.wikipedia.org/wiki/The_Turning_Point_(1977_film)
The average for this period was $7613333.33

1978
The Deer Hunter,"December 8, 1978 ( 1978-12-08 ) ( Los Angeles ) February 23, 1979 ( 1979-02-23 ) (United States) February 27, 1979 ( 1979-02-27 ) (United Kingdom)",$15 million,15000000.0,http://en.wikipedia.org/wiki/The_Deer_Hunter
Coming Home (1978 film),"February 15, 1978 ( 1978-02-15 )",$3 million,3000000.0,http://en.wikipedia.org/wiki/Coming_Home_(1978_film)
Heaven Can Wait (1978 film),"June 28, 1978 ( 1978-06-28 )",$15 million,15000000.0,http://en.wikipedia.org/wiki/Heaven_Can_Wait_(1978_film)
Midnight Express (film),"October 6, 1978 ( 1978-10-06 )",$2.3 million,2300000.0,http://en.wikipedia.org/wiki/Midnight_Express_(film)
An Unmarried Woman,"March 5, 1978 ( 1978-03-05 )","$2,515,000",2515000.0,http://en.wikipedia.org/wiki/An_Unmarried_Woman
The average for this period was $7563000.00

1979
Kramer vs. Kramer,"December 19, 1979 ( 1979-12-19 )",$8 million,8000000.0,http://en.wikipedia.org/wiki/Kramer_vs._Kramer
All That Jazz (film),"December 20, 1979 ( 1979-12-20 )",$12 million,12000000.0,http://en.wikipedia.org/wiki/All_That_Jazz_(film)
Apocalypse Now,"May 10, 1979 ( 1979-05-10 ) ( Cannes ) August 15, 1979 ( 1979-08-15 ) (United States)",$31-31.5 million ,31250000.0,http://en.wikipedia.org/wiki/Apocalypse_Now
Breaking Away,"July 13, 1979 ( 1979-07-13 )",$2.3 million,2300000.0,http://en.wikipedia.org/wiki/Breaking_Away
Norma Rae,"March 2, 1979 ( 1979-03-02 )",$4.5 million,4500000.0,http://en.wikipedia.org/wiki/Norma_Rae
The average for this period was $11610000.00

1980
Ordinary People,"September 19, 1980 ( 1980-09-19 )",$6 million,6000000.0,http://en.wikipedia.org/wiki/Ordinary_People
Coal Miner's Daughter (film),"March 7, 1980 ( 1980-03-07 )",$15 million,15000000.0,http://en.wikipedia.org/wiki/Coal_Miner%27s_Daughter_(film)
The Elephant Man (film),"October 3, 1980 ( 1980-10-03 ) ( New York ) October 10, 1980 ( 1980-10-10 ) (US)",$5 million,5000000.0,http://en.wikipedia.org/wiki/The_Elephant_Man_(film)
Raging Bull,"November 14, 1980 ( 1980-11-14 ) ( New York City ) December 19, 1980 ( 1980-12-19 ) (United States)",$18 million,18000000.0,http://en.wikipedia.org/wiki/Raging_Bull
Tess (film),31 October 1979 ( 1979-10-31 ) (France) 12 December 1980 ( 1980-12-12 ) (USA) 9 April 1981 ( 1981-04-09 ) (UK),$12 million (est.),12000000.0,http://en.wikipedia.org/wiki/Tess_(film)
The average for this period was $11200000.00

1981
Chariots of Fire,30 March 1981 ( 1981-03-30 ) (Royal Command Film Performance),£3 million,3270000.0000000005,http://en.wikipedia.org/wiki/Chariots_of_Fire
Atlantic City (1980 film),"September 3, 1980 ( 1980-09-03 ) (France) December 19, 1980 ( 1980-12-19 ) (Canada)",$7.2 million,7200000.0,http://en.wikipedia.org/wiki/Atlantic_City_(1980_film)
On Golden Pond (1981 film),"December 4, 1981 ( 1981-12-04 )",$15 million,15000000.0,http://en.wikipedia.org/wiki/On_Golden_Pond_(1981_film)
Raiders of the Lost Ark,"June 12, 1981 ( 1981 -06-12 )",$18 million,18000000.0,http://en.wikipedia.org/wiki/Raiders_of_the_Lost_Ark
Reds (film),"December 4, 1981 ( 1981-12-04 )",$32 million,32000000.0,http://en.wikipedia.org/wiki/Reds_(film)
The average for this period was $15094000.00

1982
Gandhi (film),30 November 1982 ( 1982-11-30 ) ( New Delhi ) 3 December 1982 ( 1982-12-03 ) (United Kingdom) 8 December 1982 ( 1982-12-08 ) (United States),$22 million,22000000.0,http://en.wikipedia.org/wiki/Gandhi_(film)
E.T. the Extra-Terrestrial,"May 26, 1982 ( 1982-05-26 ) ( Cannes ) June 11, 1982 ( 1982-06-11 ) (United States)",$10.5 million,10500000.0,http://en.wikipedia.org/wiki/E.T._the_Extra-Terrestrial
Missing (film),"February 12, 1982 ( 1982-02-12 )",$5 million,5000000.0,http://en.wikipedia.org/wiki/Missing_(film)
Tootsie,"December 17, 1982 ( 1982-12-17 )",$21 million,21000000.0,http://en.wikipedia.org/wiki/Tootsie
The Verdict,"December 8, 1982 ( 1982-12-08 )",$16 million ,16000000.0,http://en.wikipedia.org/wiki/The_Verdict
The average for this period was $14900000.00

1983
Terms of Endearment,"November 23, 1983 ( 1983-11-23 ) (limited) December 9, 1983 ( 1983-12-09 ) (wide)",$8 million,8000000.0,http://en.wikipedia.org/wiki/Terms_of_Endearment
The Big Chill (film),"September 28, 1983 ( 1983-09-28 )",N/A,N/A,http://en.wikipedia.org/wiki/The_Big_Chill_(film)
The Dresser,9 December 1983 ( 1983-12-09 ),N/A,N/A,http://en.wikipedia.org/wiki/The_Dresser
The Right Stuff (film),"October 21, 1983 ( 1983-10-21 ) (Limited) February 17, 1984 ( 1984-02-17 ) (Wide)",$19 - 27 million,23000000.0,http://en.wikipedia.org/wiki/The_Right_Stuff_(film)
Tender Mercies,"March 4, 1983 ( 1983-03-04 ) (limited)",$4.5 million,4500000.0,http://en.wikipedia.org/wiki/Tender_Mercies
The average for this period was $11833333.33

1984
Amadeus (film),"September 6, 1984 ( 1984-09-06 ) ( Los Angeles ) September 19, 1984 ( 1984-09-19 ) (United States)",$18 million,18000000.0,http://en.wikipedia.org/wiki/Amadeus_(film)
The Killing Fields (film),2 November 1984 ( 1984-11-02 ),$14.4 million,14400000.0,http://en.wikipedia.org/wiki/The_Killing_Fields_(film)
A Passage to India (film),14 December 1984 ( 1984-12-14 ),£17 million,18530000.0,http://en.wikipedia.org/wiki/A_Passage_to_India_(film)
Places in the Heart,"September 21, 1984",$9.5 million,9500000.0,http://en.wikipedia.org/wiki/Places_in_the_Heart
A Soldier's Story,"September 13, 1984 ( 1984-09-13 )",N/A,N/A,http://en.wikipedia.org/wiki/A_Soldier%27s_Story
The average for this period was $15107500.00

1985
Out of Africa (film),"December 18, 1985 ( 1985-12-18 )",$28 million,28000000.0,http://en.wikipedia.org/wiki/Out_of_Africa_(film)
The Color Purple (film),"December 18, 1985 ( 1985-12-18 )",$15 million,15000000.0,http://en.wikipedia.org/wiki/The_Color_Purple_(film)
Kiss of the Spider Woman (film),"May 13, 1985 ( 1985-05-13 ) ( Cannes ) July 26, 1985 ( 1985-07-26 )",N/A,N/A,http://en.wikipedia.org/wiki/Kiss_of_the_Spider_Woman_(film)
Prizzi's Honor,"June 13, 1985 ( 1985-06-13 )",$16 million,16000000.0,http://en.wikipedia.org/wiki/Prizzi%27s_Honor
Witness (1985 film),"February 8, 1985 ( 1985-02-08 )",$12 million,12000000.0,http://en.wikipedia.org/wiki/Witness_(1985_film)
The average for this period was $17750000.00

1986
Platoon (film),"December 19, 1986 ( 1986-12-19 )",$6 million,6000000.0,http://en.wikipedia.org/wiki/Platoon_(film)
Children of a Lesser God,"October 3, 1986 ( 1986-10-03 )",$2 million,2000000.0,http://en.wikipedia.org/wiki/Children_of_a_Lesser_God
Hannah and Her Sisters,"February 7, 1986 ( 1986-02-07 )","$6,400,000 (est.)",6400000.0,http://en.wikipedia.org/wiki/Hannah_and_Her_Sisters
The Mission (1986 film),16 May 1986 ( 1986-05-16 ) ( Cannes ) 31 October 1986 ( 1986-10-31 ) (United States),"£16,498,000",17982820.0,http://en.wikipedia.org/wiki/The_Mission_(1986_film)
A Room with a View (1986 film),13 December 1985 ( 1985-12-13 ) ( RCFP ) 11 April 1986 ( 1986-04-11 ) (UK),£2.3 million,2507000.0,http://en.wikipedia.org/wiki/A_Room_with_a_View_(1986_film)
The average for this period was $6977964.00

1987
Broadcast News (film),"December 16, 1987 ( 1987-12-16 )",$15 million,15000000.0,http://en.wikipedia.org/wiki/Broadcast_News_(film)
Fatal Attraction,"September 18, 1987 ( 1987-09-18 )",$14 million,14000000.0,http://en.wikipedia.org/wiki/Fatal_Attraction
Hope and Glory (film),13 November 1987,$9.3 million,9300000.0,http://en.wikipedia.org/wiki/Hope_and_Glory_(film)
Moonstruck,"December 16, 1987 ( 1987-12-16 ) ( New York ) December 18, 1987 ( 1987-12-18 ) (United States)",$15 million,15000000.0,http://en.wikipedia.org/wiki/Moonstruck
The average for this period was $13325000.00

1988
Rain Man,"December 16, 1988 ( 1988-12-16 )",$25 million,25000000.0,http://en.wikipedia.org/wiki/Rain_Man
The Accidental Tourist (film),"December 23, 1988 ( 1988-12-23 )",N/A,N/A,http://en.wikipedia.org/wiki/The_Accidental_Tourist_(film)
Dangerous Liaisons,"December 16, 1988 ( 1988-12-16 )",$14 million,14000000.0,http://en.wikipedia.org/wiki/Dangerous_Liaisons
Mississippi Burning,"December 9, 1988 ( 1988-12-09 )",N/A,N/A,http://en.wikipedia.org/wiki/Mississippi_Burning
Working Girl,"December 21, 1988 ( 1988-12-21 )",$ 28.6 million,28600000.0,http://en.wikipedia.org/wiki/Working_Girl
The average for this period was $22533333.33

1989
Driving Miss Daisy,"December 13, 1989 ( 1989-12-13 )",$7.5 million,7500000.0,http://en.wikipedia.org/wiki/Driving_Miss_Daisy
Born on the Fourth of July (film),"December 20, 1989 ( 1989-12-20 )",$14 million,14000000.0,http://en.wikipedia.org/wiki/Born_on_the_Fourth_of_July_(film)
Dead Poets Society,"June 2, 1989 ( 1989-06-02 )",$16.4 million,16399999.999999998,http://en.wikipedia.org/wiki/Dead_Poets_Society
Field of Dreams,"April 21, 1989 ( 1989-04-21 )",$15 million ,15000000.0,http://en.wikipedia.org/wiki/Field_of_Dreams
My Left Foot (film),24 February 1989 ( 1989-02-24 ) (premiere),"£600,000",654000.0,http://en.wikipedia.org/wiki/My_Left_Foot_(film)
The average for this period was $10710800.00

1990
Dances with Wolves,"October 19, 1990 ( 1990-10-19 ) ( Washington, D.C. premiere) November 9, 1990 ( 1990-11-09 ) (United States, limited)",$22 million,22000000.0,http://en.wikipedia.org/wiki/Dances_with_Wolves
Awakenings,"December 22, 1990 ( 1990-12-22 )",$31 million,31000000.0,http://en.wikipedia.org/wiki/Awakenings
Ghost (1990 film),"July 13, 1990 ( 1990-07-13 )",$22 million,22000000.0,http://en.wikipedia.org/wiki/Ghost_(1990_film)
The Godfather Part III,"December 20, 1990 ( 1990-12-20 ) ( Beverly Hills ) December 25, 1990 ( 1990-12-25 ) (United States)",$54 million,54000000.0,http://en.wikipedia.org/wiki/The_Godfather_Part_III
Goodfellas,"September 19, 1990 ( 1990-09-19 )",$25 million,25000000.0,http://en.wikipedia.org/wiki/Goodfellas
The average for this period was $30800000.00

1991
The Silence of the Lambs (film),"February 14, 1991 ( 1991-02-14 )",$19 million,19000000.0,http://en.wikipedia.org/wiki/The_Silence_of_the_Lambs_(film)
Beauty and the Beast (1991 film),"November 13, 1991 ( 1991-11-13 ) (world premiere) November 22, 1991 ( 1991-11-22 ) (United States)",$25 million,25000000.0,http://en.wikipedia.org/wiki/Beauty_and_the_Beast_(1991_film)
Bugsy,"December 13, 1991 ( 1991-12-13 )",$30 million,30000000.0,http://en.wikipedia.org/wiki/Bugsy
JFK (film),"December 20, 1991 ( 1991-12-20 )",$40 million,40000000.0,http://en.wikipedia.org/wiki/JFK_(film)
The Prince of Tides,"December 25, 1991 ( 1991-12-25 )",$30 million,30000000.0,http://en.wikipedia.org/wiki/The_Prince_of_Tides
The average for this period was $28800000.00

1992
Unforgiven,"August 3, 1992 ( 1992-08-03 ) ( Los Angeles ) August 7, 1992 ( 1992-08-07 ) (United States)",$14.4 million,14400000.0,http://en.wikipedia.org/wiki/Unforgiven
The Crying Game,18 September 1992 ( 1992-09-18 ) ( TIFF ) 30 October 1992 ( 1992-10-30 ) (UK),£ 2.3 million ( $ 3.6 million),3600000.0,http://en.wikipedia.org/wiki/The_Crying_Game
A Few Good Men,"December 11, 1992 ( 1992-12-11 )",$33-40 million ,36500000.0,http://en.wikipedia.org/wiki/A_Few_Good_Men
Howards End (film),13 March 1992 ( 1992-03-13 ) (United States) 1 May 1992 ( 1992-05-01 ) (United Kingdom),$8 million,8000000.0,http://en.wikipedia.org/wiki/Howards_End_(film)
Scent of a Woman (1992 film),"December 23, 1992 ( 1992-12-23 )",$31 million,31000000.0,http://en.wikipedia.org/wiki/Scent_of_a_Woman_(1992_film)
The average for this period was $18700000.00

1993
Schindler's List,"November 30, 1993 ( 1993-11-30 ) ( Washington, D.C. ) December 15, 1993 ( 1993-12-15 ) (United States)",$22 million,22000000.0,http://en.wikipedia.org/wiki/Schindler%27s_List
The Fugitive (1993 film),"August 6, 1993 ( 1993-08-06 )",$44 million,44000000.0,http://en.wikipedia.org/wiki/The_Fugitive_(1993_film)
In the Name of the Father (film),"December 12, 1993 (Ireland) February 25, 1994 (USA)",$13 million,13000000.0,http://en.wikipedia.org/wiki/In_the_Name_of_the_Father_(film)
The Piano,15 May 1993 ( 1993-05-15 ) ( Cannes ) 19 May 1993 ( 1993-05-19 ) (France) 5 August 1993 ( 1993-08-05 ) (Australia),$7 million,7000000.0,http://en.wikipedia.org/wiki/The_Piano
The Remains of the Day (film),5 November 1993 ( 1993-11-05 ),$15 million,15000000.0,http://en.wikipedia.org/wiki/The_Remains_of_the_Day_(film)
The average for this period was $20200000.00

1994
Forrest Gump,"July 6, 1994 ( 1994-07-06 )",$55 million,55000000.0,http://en.wikipedia.org/wiki/Forrest_Gump
Four Weddings and a Funeral,20 January 1994 ( 1994-01-20 ) ( Sundance Festival ) 13 May 1994 ( 1994-05-13 ) (UK),£2.8 million,3052000.0,http://en.wikipedia.org/wiki/Four_Weddings_and_a_Funeral
Pulp Fiction,"May 12, 1994 ( 1994-05-12 ) ( Cannes ) October 14, 1994 ( 1994-10-14 ) (United States)",$8-8.5 million ,8250000.0,http://en.wikipedia.org/wiki/Pulp_Fiction
Quiz Show (film),"September 14, 1994 ( 1994-09-14 )",$31 million,31000000.0,http://en.wikipedia.org/wiki/Quiz_Show_(film)
The Shawshank Redemption,"September 10, 1994 ( 1994-09-10 ) ( Toronto ) September 23, 1994 ( 1994-09-23 ) (United States)",$25 million,25000000.0,http://en.wikipedia.org/wiki/The_Shawshank_Redemption
The average for this period was $24460400.00

1995
Braveheart,"May 24, 1995 ( 1995-05-24 )",$72 million,72000000.0,http://en.wikipedia.org/wiki/Braveheart
Apollo 13 (film),"June 30, 1995 ( 1995-06-30 ) (United States)",$52 million,52000000.0,http://en.wikipedia.org/wiki/Apollo_13_(film)
Babe (film),"August 4, 1995 ( 1995-08-04 ) (United States)",$30 million,30000000.0,http://en.wikipedia.org/wiki/Babe_(film)
Sense and Sensibility (film),13 December 1995 ( 1995-12-13 ) (United States) 23 February 1996 ( 1996-02-23 ) (United Kingdom),$16 million,16000000.0,http://en.wikipedia.org/wiki/Sense_and_Sensibility_(film)
The average for this period was $42500000.00

1996
The English Patient (film),"November 15, 1996 ( 1996-11-15 )",$27 million,27000000.0,http://en.wikipedia.org/wiki/The_English_Patient_(film)
Fargo (film),"March 8, 1996 ( 1996-03-08 )",$7 million,7000000.0,http://en.wikipedia.org/wiki/Fargo_(film)
Jerry Maguire,"December 13, 1996 ( 1996-12-13 )",$50 million,50000000.0,http://en.wikipedia.org/wiki/Jerry_Maguire
Secrets & Lies (film),May 1996 ( 1996-05 ) ( Cannes ) 24 May 1996 ( 1996-05-24 ) (UK) 27 September 1996 ( 1996-09-27 ) (US),$4.5 million,4500000.0,http://en.wikipedia.org/wiki/Secrets_%26_Lies_(film)
Shine (film),21 January 1996 ( 1996-01-21 ) ( Sundance Film Festival ) 15 August 1996 ( 1996-08-15 ) (Australia) 20 November 1996 ( 1996-11-20 ) (United States),$6 million,6000000.0,http://en.wikipedia.org/wiki/Shine_(film)
The average for this period was $18900000.00

1997
Titanic (1997 film),"November 1, 1997 ( 1997-11-01 ) ( Tokyo ) December 19, 1997 ( 1997-12-19 ) (United States)",$200 million ,200000000.0,http://en.wikipedia.org/wiki/Titanic_(1997_film)
As Good as It Gets,"December 23, 1997 ( 1997-12-23 )",$50 million,50000000.0,http://en.wikipedia.org/wiki/As_Good_as_It_Gets
The Full Monty,13 August 1997 ( 1997-08-13 ) (US) 29 August 1997 ( 1997-08-29 ) (UK),£3 million ($3.5 million) ,3500000.0,http://en.wikipedia.org/wiki/The_Full_Monty
Good Will Hunting,"December 5, 1997 ( 1997-12-05 )",$10 million,10000000.0,http://en.wikipedia.org/wiki/Good_Will_Hunting
L.A. Confidential (film),"September 19, 1997 ( 1997-09-19 )",$35 million,35000000.0,http://en.wikipedia.org/wiki/L.A._Confidential_(film)
The average for this period was $59700000.00

1998
Shakespeare in Love,3 December 1998 ( 1998-12-03 ) (US) 29 January 1999 ( 1999-01-29 ) (UK),$25 million,25000000.0,http://en.wikipedia.org/wiki/Shakespeare_in_Love
Elizabeth (film),8 September 1998 ( 1998-09-08 ) ( VFF ) 23 October 1998 ( 1998-10-23 ) (United Kingdom),$30 million,30000000.0,http://en.wikipedia.org/wiki/Elizabeth_(film)
Saving Private Ryan,"July 24, 1998 ( 1998-07-24 )",$70 million,70000000.0,http://en.wikipedia.org/wiki/Saving_Private_Ryan
The Thin Red Line (1998 film),"December 25, 1998 ( 1998-12-25 )",$52 million,52000000.0,http://en.wikipedia.org/wiki/The_Thin_Red_Line_(1998_film)
The average for this period was $44250000.00

1999
American Beauty (1999 film),"September 8, 1999 ( 1999-09-08 ) ( Los Angeles premiere) September 17, 1999 ( 1999-09-17 ) (United States, limited)",$15 million,15000000.0,http://en.wikipedia.org/wiki/American_Beauty_(1999_film)
The Cider House Rules (film),"December 10, 1999 ( 1999-12-10 )",$24 million,24000000.0,http://en.wikipedia.org/wiki/The_Cider_House_Rules_(film)
The Green Mile (film),"December 10, 1999 ( 1999-12-10 ) (United States)",$60 million,60000000.0,http://en.wikipedia.org/wiki/The_Green_Mile_(film)
The Insider (film),"November 5, 1999 ( 1999-11-05 )",$90 million,90000000.0,http://en.wikipedia.org/wiki/The_Insider_(film)
The Sixth Sense,"August 2, 1999 ( 1999-08-02 ) ( Philadelphia ) August 6, 1999 ( 1999-08-06 ) (United States)",$40 million,40000000.0,http://en.wikipedia.org/wiki/The_Sixth_Sense
The average for this period was $45800000.00

2000
Gladiator (2000 film),"May 1, 2000 ( 2000-05-01 ) ( Los Angeles ) May 5, 2000 ( 2000-05-05 ) (United States) May 12, 2000 ( 2000-05-12 ) (United Kingdom)",$103 million ,103000000.0,http://en.wikipedia.org/wiki/Gladiator_(2000_film)
Chocolat (2000 film),"December 15, 2000 ( 2000-12-15 )",$25 million,25000000.0,http://en.wikipedia.org/wiki/Chocolat_(2000_film)
Erin Brockovich (film),"March 17, 2000 ( 2000-03-17 )",$51 million,51000000.0,http://en.wikipedia.org/wiki/Erin_Brockovich_(film)
Traffic (2000 film),"December 27, 2000 ( 2000-12-27 ) (Los Angeles premiere) January 5, 2001 ( 2001-01-05 ) (United States) February 8, 2001 ( 2001-02-08 ) ( BIFF )",$46 million,46000000.0,http://en.wikipedia.org/wiki/Traffic_(2000_film)
The average for this period was $56250000.00

2001
A Beautiful Mind (film),"December 13, 2001 ( 2001-12-13 ) ( Beverly Hills premiere) December 21, 2001 ( 2001-12-21 ) (United States)",$58 million,58000000.0,http://en.wikipedia.org/wiki/A_Beautiful_Mind_(film)
Gosford Park,7 November 2001 ( 2001-11-07 ) ( London ) 4 January 2002 ( 2002-01-04 ) (United States) 1 February 2002 ( 2002-02-01 ) (United Kingdom),$19.8 million,19800000.0,http://en.wikipedia.org/wiki/Gosford_Park
In the Bedroom,"November 23, 2001 ( 2001-11-23 )",$1.7 million,1700000.0,http://en.wikipedia.org/wiki/In_the_Bedroom
The Lord of the Rings: The Fellowship of the Ring,10 December 2001 ( 2001-12-10 ) ( London ) 19 December 2001 ( 2001-12-19 ) (United States) 20 December 2001 ( 2001-12-20 ) ( Wellington ),$93 million,93000000.0,http://en.wikipedia.org/wiki/The_Lord_of_the_Rings:_The_Fellowship_of_the_Ring
Moulin Rouge!,9 May 2001 ( 2001-05-09 ) ( Cannes ) 24 May 2001 ( 2001-05-24 ) (Australia) 1 June 2001 ( 2001-06-01 ) (United States),$52 million,52000000.0,http://en.wikipedia.org/wiki/Moulin_Rouge!
The average for this period was $44900000.00

2002
Chicago (2002 film),"December 27, 2002 ( 2002-12-27 )",$45 million,45000000.0,http://en.wikipedia.org/wiki/Chicago_(2002_film)
Gangs of New York,"December 20, 2002 ( 2002-12-20 )",$97 - $100 million ,100000000.0,http://en.wikipedia.org/wiki/Gangs_of_New_York
The Hours (film),"December 25, 2002 ( 2002-12-25 ) (United States) February 14, 2003 ( 2003-02-14 ) (United Kingdom)",$25 million,25000000.0,http://en.wikipedia.org/wiki/The_Hours_(film)
The Lord of the Rings: The Two Towers,5 December 2002 ( 2002-12-05 ) ( New York City ) 18 December 2002 ( 2002-12-18 ) (United States) 19 December 2002 ( 2002-12-19 ) ( Wellington ),$94 million,94000000.0,http://en.wikipedia.org/wiki/The_Lord_of_the_Rings:_The_Two_Towers
The Pianist (2002 film),24 May 2002 ( 2002-05-24 ) ( Cannes ) 6 September 2002 ( 2002-09-06 ) (Poland) 6 March 2003 ( 2003-03-06 ) (UK),$35 million,35000000.0,http://en.wikipedia.org/wiki/The_Pianist_(2002_film)
The average for this period was $59800000.00

2003
The Lord of the Rings: The Return of the King,1 December 2003 ( 2003-12-01 ) ( Wellington ) 17 December 2003 ( 2003-12-17 ) (United States) 18 December 2003 ( 2003-12-18 ) (New Zealand),$94 million,94000000.0,http://en.wikipedia.org/wiki/The_Lord_of_the_Rings:_The_Return_of_the_King
Lost in Translation (film),"August 29, 2003 ( 2003-08-29 ) ( Telluride Film Festival ) October 3, 2003 ( 2003-10-03 ) (United States)",$4 million,4000000.0,http://en.wikipedia.org/wiki/Lost_in_Translation_(film)
Master and Commander: The Far Side of the World,"November 14, 2003 ( 2003-11-14 ) (United States)",$150 million,150000000.0,http://en.wikipedia.org/wiki/Master_and_Commander:_The_Far_Side_of_the_World
Mystic River (film),"October 15, 2003 ( 2003-10-15 )",$30 million ,30000000.0,http://en.wikipedia.org/wiki/Mystic_River_(film)
Seabiscuit (film),"July 22, 2003 ( 2003-07-22 )",$87 million,87000000.0,http://en.wikipedia.org/wiki/Seabiscuit_(film)
The average for this period was $73000000.00

2004
Million Dollar Baby,"December 15, 2004 ( 2004-12-15 )",$30 million ,30000000.0,http://en.wikipedia.org/wiki/Million_Dollar_Baby
The Aviator (2004 film),N/A,$110 million,110000000.0,http://en.wikipedia.org/wiki/The_Aviator_(2004_film)
Finding Neverland,"September 4, 2004 ( 2004-09-04 ) ( VFF ) October 29, 2004 ( 2004-10-29 ) (United Kingdom) November 12, 2004 ( 2004-11-12 ) (United States)",$25 million,25000000.0,http://en.wikipedia.org/wiki/Finding_Neverland
Ray (film),"October 29, 2004 ( 2004-10-29 )",$40 million,40000000.0,http://en.wikipedia.org/wiki/Ray_(film)
Sideways,"September 13, 2004 ( 2004-09-13 ) ( Toronto ) October 22, 2004 ( 2004-10-22 ) (US)",$16 million,16000000.0,http://en.wikipedia.org/wiki/Sideways
The average for this period was $44200000.00

2005
Crash (2004 film),"September 10, 2004 ( 2004-09-10 ) ( TIFF ) May 6, 2005 ( 2005-05-06 ) (United States)",$6.5 million,6500000.0,http://en.wikipedia.org/wiki/Crash_(2004_film)
Brokeback Mountain,"September 2, 2005 ( 2005-09-02 ) ( Venice International Film Festival ) December 9, 2005 ( 2005-12-09 ) (United States) December 23, 2005 ( 2005-12-23 ) (Canada)",$14 million,14000000.0,http://en.wikipedia.org/wiki/Brokeback_Mountain
Capote (film),"September 2, 2005 ( 2005-09-02 ) ( Telluride ) September 30, 2005 ( 2005-09-30 ) (United States) October 28, 2005 ( 2005-10-28 ) (Canada)",$7 million,7000000.0,http://en.wikipedia.org/wiki/Capote_(film)
"Good Night, and Good Luck","September 1, 2005 ( 2005-09-01 ) ( VIFF ) October 7, 2005 ( 2005-10-07 ) (United States)",$7 million,7000000.0,"http://en.wikipedia.org/wiki/Good_Night,_and_Good_Luck"
Munich (film),"December 23, 2005 ( 2005-12-23 )",$70 million,70000000.0,http://en.wikipedia.org/wiki/Munich_(film)
The average for this period was $20900000.00

2006
The Departed,"September 26, 2006 ( 2006-09-26 ) ( New York City premiere) October 6, 2006 ( 2006-10-06 ) (United States)",$90 million,90000000.0,http://en.wikipedia.org/wiki/The_Departed
Babel (film),23 May 2006 ( 2006-05-23 ) ( Cannes ) 27 October 2006 ( 2006-10-27 ) (US Mexico),$25 million,25000000.0,http://en.wikipedia.org/wiki/Babel_(film)
Little Miss Sunshine,"January 20, 2006 ( 2006-01-20 ) ( Sundance ) July 26, 2006 ( 2006-07-26 ) (United States)",$ 8 million,8000000.0,http://en.wikipedia.org/wiki/Little_Miss_Sunshine
The Queen (film),2 September 2006 ( 2006-09-02 ) ( Venice ) 15 September 2006 ( 2006-09-15 ) (United Kingdom) 18 October 2006 ( 2006-10-18 ) (France),£9.8 million ($15 million),15000000.0,http://en.wikipedia.org/wiki/The_Queen_(film)
The average for this period was $34500000.00

2007
No Country for Old Men (film),"May 19, 2007 ( 2007-05-19 ) ( Cannes ) November 9, 2007 ( 2007-11-09 ) (United States)",$25 million,25000000.0,http://en.wikipedia.org/wiki/No_Country_for_Old_Men_(film)
Atonement (film),29 August 2007 ( 2007-08-29 ) ( VIFF ) 7 September 2007 ( 2007-09-07 ) (United Kingdom),$30 million,30000000.0,http://en.wikipedia.org/wiki/Atonement_(film)
Juno (film),"September 1, 2007 ( 2007-09-01 ) ( Telluride ) December 5, 2007 ( 2007-12-05 )",$6.5-$7 million ,7000000.0,http://en.wikipedia.org/wiki/Juno_(film)
Michael Clayton (film),"August 31, 2007 ( 2007-08-31 ) ( Venice ) October 5, 2007 ( 2007-10-05 ) (United States)",$25 million,25000000.0,http://en.wikipedia.org/wiki/Michael_Clayton_(film)
There Will Be Blood,"September 27, 2007 ( 2007-09-27 ) ( Fantastic Fest ) December 26, 2007 ( 2007-12-26 ) (United States)",$25 million,25000000.0,http://en.wikipedia.org/wiki/There_Will_Be_Blood
The average for this period was $22400000.00

2008
The Curious Case of Benjamin Button (film),"December 25, 2008 ( 2008-12-25 )",$150 million ,150000000.0,http://en.wikipedia.org/wiki/The_Curious_Case_of_Benjamin_Button_(film)
Frost/Nixon (film),"October 15, 2008 ( 2008-10-15 ) ( London ) December 5, 2008 ( 2008-12-05 ) (United States) January 23, 2009 ( 2009-01-23 ) (United Kingdom) April 1, 2009 ( 2009-04-01 ) (France)",$25 million,25000000.0,http://en.wikipedia.org/wiki/Frost/Nixon_(film)
Milk (film),"November 26, 2008 ( 2008-11-26 )",$20 million,20000000.0,http://en.wikipedia.org/wiki/Milk_(film)
The Reader (2008 film),"December 12, 2008 ( 2008-12-12 ) (US: Limited ) February 6, 2009 ( 2009-02-06 ) ( Berlin ) February 26, 2009 ( 2009-02-26 ) (Germany)",$32 million,32000000.0,http://en.wikipedia.org/wiki/The_Reader_(2008_film)
The average for this period was $56750000.00

2009
The Hurt Locker,"September 4, 2008 ( 2008-09-04 ) ( Venice ) June 26, 2009 ( 2009-06-26 ) (United States)",$15 million,15000000.0,http://en.wikipedia.org/wiki/The_Hurt_Locker
Avatar (2009 film),"December 10, 2009 ( 2009-12-10 ) (London premiere) December 17, 2009 ( 2009-12-17 ) (United Kingdom) December 18, 2009 ( 2009-12-18 ) (United States)",$237 million $9 million+ (re-release) ,237000000.0,http://en.wikipedia.org/wiki/Avatar_(2009_film)
The Blind Side (film),"November 20, 2009 ( 2009-11-20 )",$29 million,29000000.0,http://en.wikipedia.org/wiki/The_Blind_Side_(film)
District 9,"August 13, 2009 ( 2009-08-13 ) (New Zealand) August 14, 2009 ( 2009-08-14 ) (United States)",$30 million,30000000.0,http://en.wikipedia.org/wiki/District_9
An Education,"January 18, 2009 ( 2009-01-18 ) ( Sundance ) October 30, 2009 ( 2009-10-30 ) (United Kingdom) February 5, 2010 ( 2010-02-05 ) (United States)",$7.5 million,7500000.0,http://en.wikipedia.org/wiki/An_Education
Inglourious Basterds,"May 20, 2009 ( 2009-05-20 ) ( Cannes ) August 20, 2009 ( 2009-08-20 ) (Germany) August 21, 2009 ( 2009-08-21 ) (United States)",$75 million,75000000.0,http://en.wikipedia.org/wiki/Inglourious_Basterds
Precious (film),"January 15, 2009 ( 2009-01-15 ) ( Sundance ) November 6, 2009 ( 2009-11-06 ) (United States)",$10 million,10000000.0,http://en.wikipedia.org/wiki/Precious_(film)
A Serious Man,"October 2, 2009 ( 2009-10-02 )",$7 million,7000000.0,http://en.wikipedia.org/wiki/A_Serious_Man
Up (2009 film),"May 29, 2009 ( 2009-05-29 )",$175 million,175000000.0,http://en.wikipedia.org/wiki/Up_(2009_film)
Up in the Air (2009 film),"September 5, 2009 ( 2009-09-05 ) ( Telluride ) December 4, 2009 ( 2009-12-04 ) (United States)",$25 million ,25000000.0,http://en.wikipedia.org/wiki/Up_in_the_Air_(2009_film)
The average for this period was $61050000.00

2010
The King's Speech,6 September 2010 ( 2010-09-06 ) ( Telluride Film Festival ) 7 January 2011 ( 2011-01-07 ) (United Kingdom),£8 million ($15 million),15000000.0,http://en.wikipedia.org/wiki/The_King%27s_Speech
127 Hours,4 September 2010 ( 2010-09-04 ) ( Telluride Film Festival ) 12 November 2010 ( 2010-11-12 ) (United States) 7 January 2011 ( 2011-01-07 ) (United Kingdom),$18 million,18000000.0,http://en.wikipedia.org/wiki/127_Hours
Black Swan (film),"September 1, 2010 ( 2010-09-01 ) ( Venice ) December 3, 2010 ( 2010-12-03 ) (United States, limited) December 17, 2010 ( 2010-12-17 ) (United States,nationwide)",$13 million,13000000.0,http://en.wikipedia.org/wiki/Black_Swan_(film)
The Fighter (2010 film),"December 10, 2010 ( 2010-12-10 )",$25 million,25000000.0,http://en.wikipedia.org/wiki/The_Fighter_(2010_film)
Inception,"July 8, 2010 ( 2010-07-08 ) ( Leicester Square ) July 16, 2010 ( 2010-07-16 ) (United Kingdom) July 16, 2010 ( 2010-07-16 ) (North America)",$160 million,160000000.0,http://en.wikipedia.org/wiki/Inception
The Kids Are All Right (film),"January 25, 2010 ( 2010-01-25 ) (Sundance Film Festival) July 30, 2010 ( 2010-07-30 )",$4 million,4000000.0,http://en.wikipedia.org/wiki/The_Kids_Are_All_Right_(film)
The Social Network,"September 24, 2010 ( 2010-09-24 ) (New York Film Festival) October 1, 2010 ( 2010-10-01 )",$40 million,40000000.0,http://en.wikipedia.org/wiki/The_Social_Network
Toy Story 3,"June 12, 2010 ( 2010-06-12 ) ( Taormina Film Fest ) June 18, 2010 ( 2010-06-18 ) (North America)",$200 million,200000000.0,http://en.wikipedia.org/wiki/Toy_Story_3
True Grit (2010 film),"December 22, 2010 ( 2010-12-22 )",$38 million,38000000.0,http://en.wikipedia.org/wiki/True_Grit_(2010_film)
Winter's Bone,"January 21, 2010 ( 2010-01-21 ) ( Sundance ) June 11, 2010 ( 2010-06-11 ) (United States)",$2 million,2000000.0,http://en.wikipedia.org/wiki/Winter%27s_Bone
The average for this period was $51500000.00

2011
The Artist (film),15 May 2011 ( 2011-05-15 ) ( Cannes ) 12 October 2011 ( 2011-10-12 ) (France),$15 million,15000000.0,http://en.wikipedia.org/wiki/The_Artist_(film)
The Descendants (film),"September 10, 2011 ( 2011-09-10 ) ( TIFF ) November 18, 2011 ( 2011-11-18 ) (United States)",$20 million,20000000.0,http://en.wikipedia.org/wiki/The_Descendants_(film)
Extremely Loud and Incredibly Close (film),"December 25, 2011 ( 2011-12-25 )",$40 million,40000000.0,http://en.wikipedia.org/wiki/Extremely_Loud_and_Incredibly_Close_(film)
The Help (film),"August 9, 2011 ( 2011-08-09 ) (Beverly Hills premiere) August 10, 2011 ( 2011-08-10 )",$25 million,25000000.0,http://en.wikipedia.org/wiki/The_Help_(film)
Hugo (film),"October 10, 2011 ( 2011-10-10 ) ( NYFF ) November 23, 2011 ( 2011-11-23 )",$150-170 million,160000000.0,http://en.wikipedia.org/wiki/Hugo_(film)
Midnight in Paris,"May 11, 2011 ( 2011-05-11 ) ( Cannes ) May 13, 2011 ( 2011-05-13 ) (Spain) May 20, 2011 ( 2011-05-20 ) (United States)",$17 million,17000000.0,http://en.wikipedia.org/wiki/Midnight_in_Paris
Moneyball (film),"September 9, 2011 ( 2011-09-09 ) (Toronto International Film Festival) September 23, 2011 ( 2011-09-23 ) (United States)",$50 million,50000000.0,http://en.wikipedia.org/wiki/Moneyball_(film)
The Tree of Life (film),"May 16, 2011 ( 2011-05-16 ) ( Cannes ) May 27, 2011 ( 2011-05-27 ) (United States)",$32 million,32000000.0,http://en.wikipedia.org/wiki/The_Tree_of_Life_(film)
War Horse (film),"December 25, 2011 ( 2011-12-25 )",$66 million,66000000.0,http://en.wikipedia.org/wiki/War_Horse_(film)
The average for this period was $47222222.22

2012
Argo (2012 film),"August 31, 2012 ( 2012-08-31 ) (Telluride Film Festival) October 12, 2012 ( 2012-10-12 ) (United States)",$44.5 million,44500000.0,http://en.wikipedia.org/wiki/Argo_(2012_film)
Beasts of the Southern Wild,"January 20, 2012 ( 2012-01-20 ) ( Sundance ) June 27, 2012 ( 2012-06-27 )",$1.8 million,1800000.0,http://en.wikipedia.org/wiki/Beasts_of_the_Southern_Wild
Django Unchained,"December 11, 2012 ( 2012-12-11 ) ( Ziegfeld Theatre ) December 25, 2012 ( 2012-12-25 ) (United States)",$100 million,100000000.0,http://en.wikipedia.org/wiki/Django_Unchained
Les Misérables (2012 film),5 December 2012 ( 2012-12-05 ) ( London premiere) 11 January 2013 ( 2013-01-11 ) (United Kingdom),$61 million ,61000000.0,http://en.wikipedia.org/wiki/Les_Mis%C3%A9rables_(2012_film)
Life of Pi (film),28 September 2012 ( 2012-09-28 ) ( NYFF ) 21 November 2012 ( 2012-11-21 ) (US),US$120 million,120000000.0,http://en.wikipedia.org/wiki/Life_of_Pi_(film)
Lincoln (2012 film),"October 8, 2012 ( 2012-10-08 ) ( New York Film Festival ) November 9, 2012 ( 2012-11-09 ) (United States)",$65 million,65000000.0,http://en.wikipedia.org/wiki/Lincoln_(2012_film)
Silver Linings Playbook,"September 8, 2012 ( 2012-09-08 ) ( TIFF ) November 16, 2012 ( 2012-11-16 ) (United States)",$21 million,21000000.0,http://en.wikipedia.org/wiki/Silver_Linings_Playbook
Zero Dark Thirty,"December 19, 2012 ( 2012-12-19 )",$40 million,40000000.0,http://en.wikipedia.org/wiki/Zero_Dark_Thirty
The average for this period was $56662500.00

2013
12 Years a Slave (film),"August 30, 2013 ( 2013-08-30 ) ( Telluride Film Festival ) November 8, 2013 ( 2013-11-08 ) (United States) January 10, 2014 ( 2014-01-10 ) (United Kingdom)",$22 million,22000000.0,http://en.wikipedia.org/wiki/12_Years_a_Slave_(film)
American Hustle,"December 12, 2013 ( 2013-12-12 ) (Australia) December 13, 2013 ( 2013-12-13 ) (United States)",$40 million,40000000.0,http://en.wikipedia.org/wiki/American_Hustle
Captain Phillips (film),"September 27, 2013 ( 2013-09-27 ) ( NYFF ) October 11, 2013 ( 2013-10-11 ) (United States)",$55 million,55000000.0,http://en.wikipedia.org/wiki/Captain_Phillips_(film)
Dallas Buyers Club,"September 7, 2013 ( 2013-09-07 ) ( TIFF ) November 1, 2013 ( 2013-11-01 ) (United States)",$5 million,5000000.0,http://en.wikipedia.org/wiki/Dallas_Buyers_Club
Gravity (film),"August 28, 2013 ( 2013-08-28 ) ( Venice ) October 4, 2013 ( 2013-10-04 ) (United States) November 8, 2013 ( 2013-11-08 ) (United Kingdom)",$100 million,100000000.0,http://en.wikipedia.org/wiki/Gravity_(film)
Her (film),"October 13, 2013 ( 2013-10-13 ) ( NYFF ) December 18, 2013 ( 2013-12-18 ) (United States)",$23 million,23000000.0,http://en.wikipedia.org/wiki/Her_(film)
Nebraska (film),"May 23, 2013 ( 2013-05-23 ) ( Cannes ) November 15, 2013 ( 2013-11-15 ) (United States)",$12 million,12000000.0,http://en.wikipedia.org/wiki/Nebraska_(film)
Philomena (film),31 August 2013 ( 2013-08-31 ) ( Venice ) 1 November 2013 ( 2013-11-01 ) (United Kingdom) 22 November 2013 ( 2013-11-22 ) (United States),$12 million,12000000.0,http://en.wikipedia.org/wiki/Philomena_(film)
The Wolf of Wall Street (2013 film),"December 17, 2013 ( 2013-12-17 ) ( Ziegfeld Theatre ) December 25, 2013 ( 2013-12-25 ) (United States)",$100 million ,100000000.0,http://en.wikipedia.org/wiki/The_Wolf_of_Wall_Street_(2013_film)
The average for this period was $41000000.00

2014
Birdman (film),"August 27, 2014 ( 2014-08-27 ) ( Venice ) October 17, 2014 ( 2014-10-17 ) (United States)",$16.5 million,16500000.0,http://en.wikipedia.org/wiki/Birdman_(film)
American Sniper (film),"November 11, 2014 ( 2014-11-11 ) ( AFI Fest ) December 25, 2014 ( 2014-12-25 ) (limited release) January 16, 2015 ( 2015-01-16 ) (worldwide release)",$58.8 million ,58800000.0,http://en.wikipedia.org/wiki/American_Sniper_(film)
Boyhood (film),"January 19, 2014 ( 2014-01-19 ) ( Sundance ) July 11, 2014 ( 2014-07-11 ) (United States)",$4 million,4000000.0,http://en.wikipedia.org/wiki/Boyhood_(film)
The Grand Budapest Hotel,6 February 2014 ( 2014-02-06 ) ( Berlin ) 6 March 2014 ( 2014-03-06 ) (Germany) 7 March 2014 ( 2014-03-07 ) (United States United Kingdom),€ 23 million(US$30 million),30000000.0,http://en.wikipedia.org/wiki/The_Grand_Budapest_Hotel
The Imitation Game,29 August 2014 ( 2014-08-29 ) ( Telluride Film Festival ) 14 November 2014 ( 2014-11-14 ) (United Kingdom) 28 November 2014 ( 2014-11-28 ) (United States),$14 million,14000000.0,http://en.wikipedia.org/wiki/The_Imitation_Game
Selma (film),"December 25, 2014 ( 2014-12-25 )",$20 million,20000000.0,http://en.wikipedia.org/wiki/Selma_(film)
The Theory of Everything (2014 film),7 September 2014 ( 2014-09-07 ) ( TIFF ) 7 November 2014 ( 2014-11-07 ) (US) 1 January 2015 ( 2015-01-01 ) (United Kingdom),$15 million,15000000.0,http://en.wikipedia.org/wiki/The_Theory_of_Everything_(2014_film)
Whiplash (2014 film),"January 16, 2014 ( 2014-01-16 ) ( Sundance ) October 10, 2014 ( 2014-10-10 ) (United States)",$3.3 million,3300000.0,http://en.wikipedia.org/wiki/Whiplash_(2014_film)
The average for this period was $20200000.00

The total average for all films was $18328000.61
